,2080_0000021344_1995_COCA-COLA-CO,2820_0000030554_1995_DUPONT-E-I-DE-NEMOURS-&-CO,2834_0000200406_1995_JOHNSON-&-JOHNSON,2834_0000310158_1995_SCHERING-PLOUGH-CORP,2840_0000080424_1995_PROCTER-&-GAMBLE-CO,2911_0000034088_1995_EXXON-CORP,3021_0000320187_1995_NIKE-INC,3290_0000066740_1995_MINNESOTA-MINING-&-MANUFACTURING-CO,3531_0000018230_1995_CATERPILLAR-INC,3570_0000051143_1995_INTERNATIONAL-BUSINESS-MACHINES-CORP,3577_0000858877_1995_CISCO-SYSTEMS-INC,3674_0000050863_1995_INTEL-CORP,3721_0000012927_1995_BOEING-CO,5211_0000354950_1995_HOME-DEPOT-INC,5331_0000104169_1995_WAL-MART-STORES-INC,7372_0000789019_1995_MICROSOFT-CORP
0,-0.5827092528343201,-0.2724716067314148,-0.40252360701560974,-0.5057880878448486,-0.16547586023807526,-0.16795238852500916,0.3072287440299988,-0.08423057198524475,-0.06597109884023666,-0.09783731400966644,-0.7504140734672546,-0.1931816190481186,-0.06471768021583557,-0.17891357839107513,-0.3316726386547089,-0.5646798014640808
1,0.3511583507061005,0.5208973288536072,0.41018202900886536,0.631459653377533,0.3821148872375488,0.2747532427310944,0.161134734749794,0.7405792474746704,0.07336841523647307,0.2523063719272613,0.1076054349541664,-0.056826118379831314,0.07006087154150009,0.5594823956489563,0.3738051354885101,0.7887800931930542
2,-0.5578733086585999,-0.3515982031822205,0.047077987343072884,0.016840742900967598,-0.14867621660232544,-0.19316174089908603,-0.18454791605472565,-0.3591625392436981,-0.01742721162736416,-0.09952124953269957,-0.17820556461811066,0.29447802901268005,-0.10663269460201263,-0.2592453360557556,-0.09381809830665587,-0.2446065694093704
3,-0.6934808492660522,0.06181198358535767,-0.4794530868530274,-0.26687127351760864,-0.0292805265635252,0.03418225795030594,0.08054668456315994,-0.2261920571327209,0.08944553136825563,-0.09115859866142273,-0.8514888882637024,-1.0484026670455933,-0.026369135826826096,-0.16816453635692594,0.19105178117752075,-0.84466552734375
4,-0.4624672532081604,-0.13499921560287476,-0.4137476682662964,-0.2878451645374298,-0.0220254585146904,-0.24308305978775024,-0.5092710256576538,-0.3887869119644165,0.057526525110006325,-0.026484129950404167,-0.0466681644320488,-0.01674894616007805,-0.4523887634277344,-0.032631143927574165,0.19212374091148374,-0.39528271555900574
5,0.5983713269233704,-0.2515287697315216,-0.1837637424468994,-0.3870613873004913,-0.08587692677974701,-0.20593616366386414,-0.6055626273155212,-0.2830848693847656,-0.2101154923439026,-0.028206659480929375,0.24906693398952484,-0.15591540932655334,-0.21387416124343872,-0.1231183260679245,-0.15213187038898468,-0.02302983589470386
6,0.924841046333313,0.1636871099472046,-0.012431461364030838,0.30444177985191345,0.26448625326156616,0.06725234538316728,-0.42422470450401306,0.2174944281578064,0.2814505994319916,0.12853261828422546,0.21524247527122495,0.7654370665550232,0.2919107973575592,0.3246114253997803,0.4901648163795471,-0.2630258798599243
7,0.023613424971699715,0.38095584511756897,0.11165527254343033,0.10478335618972777,0.2734244167804718,0.3097110092639923,0.9273035526275636,0.11258364468812944,0.07007787376642227,-0.005995790474116802,0.33711355924606323,0.011021134443581104,0.1823523640632629,0.6375657320022583,0.5665737986564636,0.2128080278635025
8,-0.15260913968086245,0.1649387627840042,0.2264632135629654,0.2863105535507202,0.26818549633026123,0.023241791874170303,0.006925229914486408,0.02607213519513607,0.15365183353424072,0.09833551943302156,-0.04200853779911995,0.0863896831870079,0.1597803384065628,-0.041287511587142944,0.39408519864082336,0.22059093415737152
9,-0.31701555848121643,-0.1869090497493744,-0.06595437973737718,-0.13952571153640747,-0.16732139885425568,-0.2712844610214233,-0.5566214323043823,-0.30686578154563904,-0.14571639895439148,-0.00686035817489028,-0.5407529473304749,-0.04260265082120896,-0.08321818709373474,-0.2655676305294037,0.06619225442409515,-0.8142186403274536
10,0.12341630458831787,-0.09526558965444563,-0.20526598393917084,0.06318244338035582,0.06259376555681229,0.04720009490847588,0.3044798076152801,-0.002948155626654625,-0.07257454097270966,0.04993988573551178,0.2237133085727692,-0.00047495344188064337,0.02991841360926628,0.2477377653121948,0.26528021693229675,-0.1066221371293068
11,-0.05487467348575592,0.12173387408256532,0.4463407099246979,0.19122332334518435,0.09111295640468596,0.04306305199861527,-0.22977754473686215,-0.486993670463562,0.04252561554312706,-0.017384838312864304,0.13638806343078613,-0.5718889832496643,-0.044892895966768265,0.05727929994463921,0.3371154367923737,-0.6296232342720032
12,-0.6184695959091187,-0.14666995406150818,-0.13291332125663755,-0.2635746598243713,-0.059625126421451576,0.009599583223462105,0.6839455962181091,-0.09719812124967576,0.0904645323753357,-0.06128249689936637,0.6009891033172607,0.4869063496589661,0.1670379489660263,-0.24519619345664975,-0.2382557988166809,0.452612966299057
13,0.2365633249282837,-0.002672495320439339,0.020068522542715076,0.2301706373691559,-0.1594236046075821,-0.04577026143670082,-0.4693703055381775,-0.160629540681839,0.0045366701669991025,0.06873268634080887,-0.07787424325942993,0.019937116652727127,0.020694546401500702,0.12596739828586578,-0.10735044628381728,-0.582257091999054
14,0.4383185505867005,-0.18020381033420566,-0.17798900604248047,0.08019491285085678,-0.08152081072330475,0.014528417028486729,0.3754639327526093,-0.6304831504821777,0.07515326142311096,0.015753017738461494,0.10986807197332382,-0.007269192487001419,-0.1798068732023239,-0.18408341705799106,-0.0905490145087242,-0.187928318977356
15,0.4338417649269104,0.1019715666770935,0.33437013626098633,0.288642019033432,0.13805879652500153,0.2593798041343689,0.44688042998313904,0.3235167860984802,0.3665731549263001,0.1279657930135727,0.8414815664291382,0.33431240916252136,0.3798772990703583,-0.23898227512836456,0.21453021466732025,1.0519833564758299
16,-0.22212757170200348,0.12594896554946902,-0.013463826850056648,0.01216956786811352,-0.03562639653682709,-0.02189840003848076,-0.12869969010353088,0.2183758169412613,-0.15773844718933105,0.022979846224188805,-0.05362271517515183,0.5371476411819458,-0.2980838119983673,0.09193096309900284,-0.2649708390235901,-0.07241649925708771
17,-0.702041745185852,-0.2750312685966492,-0.3814182579517365,-0.26248952746391296,-0.1569761335849762,-0.14805768430233002,0.03901346772909165,-0.41647684574127203,-0.20566092431545255,-0.05214427784085274,-0.8441630601882935,-0.7761765718460083,-0.32712069153785706,-0.3519793748855591,-0.5587140917778015,-1.3099132776260376
18,-0.3034445345401764,-0.021256333217024803,-0.05018709599971771,0.2621704041957855,0.00759686715900898,0.11222048103809357,0.4179250597953797,0.02189481072127819,0.02277188003063202,-0.09557823091745377,0.011792577803134918,0.2956865727901459,0.3162094354629517,-0.015063293278217316,-0.052735425531864166,-1.0144417285919192
19,0.060726329684257514,0.2380148619413376,0.02993672713637352,0.07991240918636322,0.019502377137541767,0.14654318988323212,0.2115248292684555,0.3280996084213257,-0.05272191017866135,0.035197611898183816,0.6825681924819946,0.09245000034570694,0.052417144179344184,0.028964299708604813,0.3153899610042572,1.0541460514068604
20,0.008859375491738321,-0.0904642939567566,-0.08927067369222641,0.3407918810844421,-0.014953224919736384,-0.07014994323253633,-0.5717934370040894,0.13411477208137512,0.08466789871454239,-0.00620102696120739,0.11843464523553847,-0.012561715207993984,-0.0708763524889946,0.3677629232406616,-0.037442822009325034,0.207527294754982
21,0.07438941299915314,0.018040403723716736,0.3415911495685577,0.40219998359680176,0.3132286369800568,0.2719942629337311,-0.008238947950303555,0.4621742963790894,0.12682847678661344,0.09382777661085127,-0.21760350465774536,0.7410283088684082,0.0973159670829773,-0.18426793813705444,0.19544053077697754,1.2764716148376465
22,-0.4149419367313385,-0.0716584324836731,0.003563894424587488,-0.1822483241558075,-0.042777881026268005,-0.028186695650219917,-0.4760700762271881,0.019826453179121014,-0.1399363875389099,-0.04679076001048088,-0.5903224945068359,-0.6994722485542297,-0.2565206289291382,-0.00929727777838707,-0.215730220079422,-0.8374299407005309
23,0.31958290934562683,0.1822388768196106,-0.09398763626813887,0.10561729222536087,0.09470458328723907,0.13872888684272766,0.26412031054496765,0.2603760063648224,0.09527119994163513,-0.02735878713428974,0.5403354167938232,0.3889639377593994,0.018624544143676758,0.4373903274536133,0.2435372471809387,0.15644577145576474
24,-0.7304783463478088,0.10316868871450424,-0.3628884553909302,-0.1429709792137146,0.16147173941135404,0.13845030963420868,-0.5306880474090576,0.03485094010829925,0.18477140367031095,0.013192492537200451,0.6870783567428589,0.3300524652004242,0.09046009927988052,0.3529846966266632,0.2963079214096069,0.7727649211883545
25,-0.04310115799307823,-0.1205630823969841,0.17918702960014346,0.16331392526626587,0.1705048829317093,-0.014535845257341862,-0.06348694115877151,-0.10002578049898148,0.05143632739782333,0.11794302612543105,0.012433072552084923,0.42847493290901184,0.2468016296625137,0.4702115058898926,0.490011066198349,0.6501441597938538
26,0.2504372000694275,-0.04369136318564415,0.1975245326757431,-0.016821183264255524,0.03229876235127449,-0.05059165507555008,-0.8189514875411987,-0.327151358127594,0.2020220011472702,0.03930123522877693,0.7728086113929749,-0.25248298048973083,0.21146905422210693,-0.377265989780426,0.21759767830371854,-0.20516417920589447
27,-0.5484264492988586,-0.19166232645511627,0.2843678593635559,0.10439114272594452,-0.04386574029922485,-0.0672631561756134,-0.2957318723201752,-0.03618744015693665,0.2061522901058197,-0.11184336245059967,0.4043472707271576,0.16572701930999756,-0.19868284463882446,-0.21041372418403625,-0.017854891717433933,0.597761332988739
28,0.7416524887084961,0.6879283785820007,0.40541914105415344,0.7217509746551514,0.5361431241035461,0.2094890922307968,0.8254233002662659,0.6789523363113403,0.4220958352088928,0.19895148277282715,1.5976539850234983,0.8404222130775452,0.610062837600708,0.6479575037956238,0.6998422145843506,1.6097151041030884
29,-1.1550124883651731,-0.09895789623260498,-0.3253777325153351,-0.23058943450450894,-0.3047328591346741,-0.1708524525165558,-0.1671455353498459,0.20469245314598086,-0.08757581561803818,-0.0853671059012413,-0.2880275845527649,-0.06868738681077957,-0.4967588782310486,-0.7608323097229004,-0.4956418573856354,-0.34202513098716736
30,0.345592200756073,0.030829619616270062,-0.031155232340097424,-0.0915977582335472,-0.12336710840463637,-0.1728679984807968,-0.9770166277885436,-0.011009332723915577,-0.03442605212330818,0.02906411327421665,-0.21237586438655853,0.08115045726299286,-0.045163702219724655,-0.25088220834732056,-0.18280817568302155,-0.38927310705184937
31,-0.013161122798919678,-0.1532129943370819,-0.42866769433021545,-0.30046889185905457,-0.26310041546821594,-0.3886972367763519,-0.12342528253793715,0.2906233370304108,-0.3583478927612305,-0.03657180815935135,-0.2521752715110779,-0.3649259805679321,-0.29725512862205505,0.026098761707544327,-0.2803575396537781,0.5373772978782654
32,0.2086694687604904,0.007985496893525124,-0.037742979824543,-0.21409225463867188,-0.13639463484287262,-0.12391775101423265,0.202830970287323,-0.297511488199234,-0.12748531997203827,-0.03273472934961319,0.11691885441541673,-0.3710893392562866,-0.22514720261096954,-0.5994307994842529,0.0023415854666382074,0.022084854543209083
33,1.1305092573165894,0.15651780366897586,0.2110796421766281,0.4833216369152069,-0.1286332607269287,0.10248792171478273,0.5968638062477112,0.5947182774543762,-0.07642285525798798,0.08490697294473648,0.008182826451957226,0.2469344288110733,0.21831153333187106,-0.21178124845027926,-0.08886263519525528,0.6680029630661011
34,0.8781951069831848,0.10488206893205644,0.3812509477138519,0.16645807027816772,0.009692530147731304,-0.04525796324014664,0.5867616534233093,0.3054831922054291,-0.06418538838624954,-0.026733998209238045,0.13271567225456238,0.15055972337722778,0.2192896604537964,-0.15765313804149628,-0.09540823847055437,0.19481919705867767
35,-0.6973978281021118,0.06514302641153336,-0.4400891363620758,0.009764772839844229,0.07022354751825333,0.13302215933799744,0.041137389838695526,-0.056087542325258255,-0.24216091632843015,0.1547631323337555,0.3620906174182892,0.5207486748695374,0.1447676420211792,0.09133560210466383,0.11016493290662767,1.3044154644012451
36,0.1961752027273178,-0.039870470762252815,0.020702674984931942,0.17598749697208405,0.09529924392700197,0.01663248799741268,0.31742149591445923,-0.04273670539259911,-0.1430259495973587,0.03142641484737396,-0.025980345904827118,-0.30815815925598145,0.3952176570892334,-0.02543363533914089,-0.2262987047433853,0.20427565276622767
37,0.3097536563873291,-0.1391298770904541,-0.1840655207633972,-0.0948762595653534,-0.14385168254375458,-0.26607057452201843,0.3875404596328736,0.014159178361296654,-0.15318039059638974,0.0051127877086400994,-0.0048726978711783895,0.0386214554309845,0.104582279920578,-0.06254712492227554,-0.31324848532676697,-0.1760636419057846
38,0.4670172035694122,0.2907356023788452,0.492325484752655,0.2661600112915039,0.114505372941494,0.04880787804722786,0.9153842926025392,0.5477046966552734,0.19054800271987915,-0.04593883454799652,0.3782013058662415,0.3926081955432892,0.21725378930568692,-0.2681422829627991,0.43596088886260986,0.10344595462083817
39,-0.18136659264564514,0.02078377828001976,0.13045150041580197,0.16012564301490784,-0.0933447852730751,-0.05055997520685196,0.41126894950866705,0.11285899579524995,-0.08935552835464478,-0.04583719745278359,0.01907530054450035,0.3332854211330414,-0.005909704137593508,-0.07890854775905609,-0.09971873462200163,1.2027970552444458
40,-0.11593686789274214,-0.2542497217655182,0.14474435150623322,-0.14456722140312195,0.0746755301952362,0.04682505875825882,0.2618491649627685,-0.01764348335564136,0.020857365801930428,0.037840083241462714,-0.4369528293609619,0.29438453912734985,0.1742231696844101,0.10170450061559676,0.2919154167175293,1.128527283668518
41,0.4511256217956543,-0.1675236076116562,0.1709986925125122,0.12579073011875153,0.061154969036579125,-0.06684808433055878,-0.593830943107605,0.13534151017665866,-0.07805906981229782,-0.06598836928606032,-0.2380637675523758,0.013185597956180573,-0.10497751832008362,-0.20659589767456052,0.014443463645875454,0.028621705248951912
42,0.06466614454984665,-0.1342378854751587,0.023099716752767563,-0.2467530518770218,-0.3476385176181793,-0.277079313993454,-0.3050480782985687,-0.3077110052108765,-0.2724116146564484,-0.17704781889915466,-1.1393057107925415,-0.5092682242393494,-0.457663893699646,-0.40136003494262695,-0.45921975374221796,-1.183979034423828
43,0.3502069413661957,0.012057151645421982,-0.4621925950050354,-0.15849128365516665,-0.1048634722828865,-0.2303820699453354,-0.333217054605484,0.06879014521837233,-0.1974523812532425,-0.10361810773611067,-0.26713821291923523,-0.11869005113840105,0.10354087501764296,0.301518589258194,0.08747349679470062,0.5372584462165833
44,0.5852714776992798,0.1696963608264923,0.2448245882987976,0.15745414793491366,0.00031523522920906544,0.03151580318808556,-0.05147286131978035,0.12472516298294067,-0.1429569125175476,0.13346683979034424,0.5073147416114807,-0.3859306573867798,-0.056306242942810066,-0.5457904934883118,-0.0980643555521965,-0.047097593545913696
45,-0.3398314416408539,-0.21908923983573916,-0.19769442081451416,0.18355534970760345,0.05104418843984604,-0.04530582949519157,0.30974027514457697,-0.4436802268028259,-0.2959578335285187,-0.017014481127262115,0.21486112475395205,0.302090585231781,-0.29611533880233765,-0.4940639138221741,-0.12606775760650635,0.13933029770851135
46,-0.5014376640319824,0.10340879112482072,-0.04519948735833168,0.2389632612466812,0.3588653802871704,0.1439245045185089,-0.13965360820293427,-0.06280864775180818,0.3669325709342957,0.1083253175020218,0.41350314021110535,0.09229030460119247,0.4644807577133178,-0.06740069389343263,0.2147946059703827,0.9637308716773988
47,0.9183704257011414,-0.16125935316085815,-0.11652790009975432,-0.1996394693851471,0.09160759299993516,-0.1887392103672028,-0.0186857245862484,-0.07093968987464905,0.12915854156017306,-0.02189372479915619,-0.4966680705547333,0.5237687826156616,0.11426916718482973,-0.5742490887641907,0.0021342206746339802,-0.3169682323932648
48,-0.036317072808742516,-0.1601063758134842,-0.1479523628950119,-0.2381711155176163,-0.1424306184053421,0.039532430469989784,-0.4053924679756165,-0.25491589307785034,-0.1947612017393112,-0.0600588321685791,-0.95106703042984,-0.5167470574378967,-0.3367834985256195,0.16002711653709412,-0.1613125056028366,-0.8727554082870483
49,-0.8529645204544067,0.3013215661048889,0.08166302740573883,0.08291037380695343,-0.005233040079474449,-0.02901047840714455,-0.043261993676424026,0.19492556154727936,-0.10618575662374496,0.10729819536209106,-0.10339879244565964,-0.3631826639175415,-0.2707197666168213,-0.29327404499053955,-0.5145683288574219,-0.44549211859703053
50,-0.6108887791633606,-0.290553480386734,-0.2800354063510895,-0.3207128643989563,-0.22032220661640167,-0.363250195980072,-1.1861119270324707,-0.4585517644882202,-0.3133463859558105,-0.0842837244272232,-0.16452421247959134,-0.6371299028396606,-0.1384562849998474,-0.14444103837013245,-0.213078573346138,0.16118121147155762
51,-0.4975777268409729,-0.048058580607175834,0.3029313087463379,-0.0371103398501873,0.11930229514837265,0.08244089037179947,0.008185806684195995,-0.11790862679481505,-0.05670902132987976,0.15719696879386902,-0.207138329744339,-0.8799746632575989,0.02407234348356724,0.1253254860639572,0.16183704137802124,-0.6266862154006958
52,-0.2965125143527985,0.2700128257274628,0.15143117308616638,0.3440146744251251,0.02669946476817131,0.10890166461467744,-0.19197450578212735,-0.20094601809978485,0.16727414727211,0.0842023715376854,0.3261106610298157,-0.4861491024494171,0.2615079879760742,0.17574487626552582,0.4367581307888031,-0.6360083222389221
53,0.337227463722229,0.25105711817741394,0.26439031958580017,0.25791996717453003,0.2799106538295746,0.2468482106924057,0.9130621552467346,0.5973038077354431,0.19158151745796204,0.05988674610853195,0.5947992205619812,0.9638280272483826,0.09662339836359024,0.5305315852165222,0.3975633680820465,0.6765387058258057
54,-0.9027608036994934,0.02090766653418541,-0.34558698534965515,-0.2683914303779602,-0.27560561895370483,-0.1900652050971985,-0.3447776436805725,-0.11833515763282774,-0.4191713333129883,-0.08971954882144928,-0.3933340609073639,-0.5636892914772034,-0.3790208399295807,-0.4727354645729065,-0.6569153666496277,-0.5207981467247009
55,-0.6485344171524048,0.15169282257556915,-0.02255692146718502,-0.004189579747617246,-0.14548742771148682,0.025322910398244858,-0.4294424057006836,-0.18955284357070926,-0.11988382041454315,-0.04830571636557579,-0.4192938208580017,-0.25652492046356196,0.1174606829881668,0.4042222499847412,-0.09047576040029526,-0.32699429988861084
56,0.044377386569976814,0.4590288698673248,-0.011976792477071284,0.322383314371109,0.3956259191036224,0.28773096203804016,1.1448577642440796,0.4995408654212952,0.3385169208049774,0.01575184054672718,-0.03141416236758232,0.17134836316108704,0.453490823507309,-0.0745866447687149,0.2718463838100433,0.6650058627128601
57,-0.2840075194835663,-0.3984977602958679,-0.2253036946058273,-0.20949703454971316,-0.11649695038795473,-0.27065885066986084,-0.1948310434818268,0.25234413146972656,-0.17757827043533325,-0.06599779427051544,-0.7086989879608154,-1.03460693359375,0.017392612993717194,0.01831143908202648,-0.2295408844947815,-0.3543820679187775
58,0.05235588550567627,0.045846298336982734,-0.09113670885562897,-0.2197825163602829,0.08338791877031326,0.1282295435667038,-0.06025799363851547,0.13499248027801514,-0.011737599037587644,-0.06253170967102051,0.0257157813757658,0.4590973556041718,-0.06430631875991821,-0.15109528601169586,-0.13686349987983704,0.2733005583286285
59,-0.7658803462982178,-0.17660820484161374,-0.09951528906822203,-0.2760782539844513,-0.21711093187332156,-0.2083592116832733,-0.03367647156119346,-0.4408217370510101,-0.2326250076293945,-0.20972487330436707,-0.14105716347694394,-0.4558071196079254,-0.19110992550849915,-0.059724938124418266,0.08163821697235107,0.5809262990951538
60,-0.7128581404685974,-0.2357418388128281,-0.16957838833332062,-0.5314564108848572,-0.20905400812625885,-0.06047098338603973,-0.1231309100985527,-0.5078558921813965,-0.2962791919708252,-0.10135211050510406,-0.7627652883529663,-0.012420028448104858,-0.5586977005004883,0.13039328157901764,-0.0991598516702652,-1.1070289611816406
61,-0.2503519952297211,-0.11330851167440414,-0.06752835214138031,-0.24970076978206635,-0.1361173838376999,-0.06490674614906311,-0.4038939774036408,-0.33541879057884216,-0.23706744611263275,0.05271895602345466,-0.3214976489543915,0.12138286232948305,0.10694048553705217,-0.2868706285953522,-0.3841705918312073,-0.5952457189559937
62,0.03629221767187119,-0.5998201370239258,-0.383995532989502,-0.21144302189350128,-0.26169252395629883,-0.2176966816186905,-0.21199701726436612,-0.5717817544937134,-0.2759682834148407,-0.06529244035482408,-0.4681535959243774,-0.9578930735588074,-0.031335677951574326,-0.10574586689472197,-0.17850320041179654,-0.4379500150680542
63,0.13419610261917114,-0.030130952596664432,-0.04949674010276794,-0.07349765300750732,-0.1354321539402008,0.01723170094192028,0.2215422242879868,-0.10570916533470154,0.181608647108078,0.0940452367067337,0.11700422316789627,0.7071167230606079,0.3325663506984711,-0.06675734370946884,-0.13554686307907104,0.01472555659711361
64,1.0251446962356567,-0.11807408183813095,0.06819065660238266,0.21528208255767825,0.1094028502702713,-0.22250668704509732,0.3188104033470154,0.33143892884254456,-0.03841513395309448,0.11029204726219176,0.3370020091533661,0.6882739663124084,-0.1272638589143753,0.5595536828041077,0.2667891383171081,-0.023770622909069058
65,-0.07414568215608598,-0.0007853489951230586,-0.2208998948335648,-0.1524811089038849,-0.05569062754511833,0.08668714016675949,-0.08121300488710402,-0.04575541242957115,0.13251370191574094,0.03529827669262886,-0.3467652201652527,0.027122454717755318,-0.12218693643808365,0.06708355993032455,0.31486091017723083,0.3783441781997681
66,0.03761898353695869,-0.3081626892089844,-0.21027347445487976,-0.1563657522201538,-0.17882731556892395,-0.17489930987358093,0.3421912789344788,-0.22474850714206696,-0.2364529222249985,-0.03941969946026802,-0.7685403227806091,-0.1839466094970703,-0.26313844323158264,0.07484548538923264,-0.17030751705169678,-0.3621692657470703
67,-0.9341214299201964,-0.052378766238689416,-0.060147769749164574,-0.2442066073417664,0.07326222211122513,0.07402398437261581,0.08577896654605865,-0.051298942416906364,0.25245195627212524,0.00780450738966465,0.10604648292064668,0.16271880269050598,-0.17487335205078125,-0.254563570022583,-0.06261973083019258,0.03505949676036835
68,-0.05399249866604805,-0.08836235105991364,0.13829612731933594,0.19542506337165835,0.11815708875656128,0.11644671112298965,0.3643471300601959,0.051480259746313095,-0.2447779625654221,-0.03962981328368187,0.3443392217159271,0.7750080227851868,0.39294818043708796,-0.1430269032716751,0.1247359812259674,0.1688935160636902
69,0.3957743644714356,-0.35574787855148315,-0.2799910604953766,-0.19266541302204127,-0.1771690398454666,-0.15827615559101105,-0.6993817090988159,-0.17299775779247284,-0.5010676383972168,-0.1376359909772873,0.1637696623802185,0.4427404701709747,0.03110476769506932,-0.020200783386826515,-0.17849354445934296,0.2013900876045227
70,0.2041057050228119,0.4246194064617157,0.4167234897613525,0.3537468016147613,0.3640970587730408,0.09533356875181198,0.303398460149765,0.8270550966262817,0.16796578466892242,0.0764547660946846,0.4387481510639191,0.9140003323554992,0.004508290439844132,0.4714221358299256,0.1979839652776718,0.27575382590293884
71,-0.3195365369319916,0.0024917479604482646,0.11990327388048172,0.05636339634656906,0.11297708749771118,0.053234178572893136,-0.17427100241184235,-0.09206659346818924,0.0760081559419632,-0.06348228454589844,0.1533581167459488,0.286805272102356,0.045537211000919335,0.44877928495407104,0.09729737043380736,-0.1266283541917801
72,-0.5857052803039551,-0.2877069413661957,-0.17976750433444974,-0.11136849224567412,-0.21394778788089752,-0.15978413820266724,0.3484530746936798,0.11572854220867156,-0.11908238381147385,0.11498381942510605,0.5771250128746033,0.33521491289138794,-0.08880327641963959,-0.20692630112171173,-0.406400591135025,0.2806982696056366
73,0.9081847071647644,0.4371984302997589,0.4029317200183869,0.2551848590373993,-0.026872612535953518,0.3019428849220276,0.8120663166046143,0.4103968143463135,0.17167021334171295,0.030916996300220486,0.2725270092487335,0.5550111532211304,0.08127423375844955,0.10504534095525743,0.11732438951730728,0.7157132625579834
74,-0.4846531748771668,-0.010013800114393234,0.3293295502662659,0.25257471203804016,0.07117363810539246,0.06931240856647491,-0.34956055879592896,0.2411008179187775,-0.1665053367614746,-0.07289493083953857,-0.4170348644256592,-0.3273156881332397,-0.13189615309238434,0.13855166733264926,-0.15249565243721008,-0.7215595841407776
75,-1.3364259004592896,-0.05352417379617691,0.10589592158794403,-0.15567202866077426,-0.14722593128681186,-0.02412540093064308,0.15667636692523956,-0.1250162273645401,0.13871288299560547,0.07062655687332152,0.7158622145652771,0.5824376344680786,-0.06657978892326355,0.4510999023914337,0.2083739787340164,1.0283401012420654
76,0.5658935308456421,0.22015021741390228,0.1640804260969162,0.4418840706348419,0.018053255975246433,-0.0035770335234701633,0.6039984226226807,0.21583250164985654,-0.0555892288684845,-0.13116726279258728,0.43160438537597656,0.2851095795631409,0.32762640714645386,0.621796727180481,0.2991463243961334,0.8093730807304382
77,-0.30887606739997864,-0.03904381021857262,-0.14461255073547366,-0.07998572289943695,-0.06752379238605499,-0.1753408908843994,-0.6154449582099915,-0.027114659547805783,-0.3279612362384796,-0.03843492269515991,0.16502851247787476,0.9541239142417908,0.09229428321123123,-0.2219962477684021,-0.12750111520290375,0.3169621229171753
78,-0.08475252240896225,-0.28733935952186584,-0.42532750964164734,-0.012082913890480995,-0.4276670217514038,-0.22180390357971191,0.5103607773780823,-0.5987702012062073,-0.20627616345882416,-0.1166967898607254,-1.0252783298492432,-1.3391979932785034,-0.5719006061553955,0.031570576131343835,-0.20540452003479004,-1.3212615251541138
79,-0.19410784542560575,0.14711594581604004,-0.11032246053218843,-0.044605299830436713,0.1546419858932495,0.22849678993225095,0.3401809334754944,0.18282043933868408,-0.13200750946998596,0.01651240512728691,0.3030379116535187,-0.1695658415555954,0.37345921993255615,-0.07167243212461473,0.2208330035209656,-0.397615909576416
80,0.6768036484718323,0.5958575010299683,0.5648055672645569,0.5658257603645325,0.7241754531860352,0.4384525418281555,0.6544877886772156,0.6799779534339905,0.5972890853881836,0.12321420013904573,0.9426923394203186,1.24361252784729,0.9408360719680786,0.8500088453292847,0.7938830256462097,1.0136116743087769
81,-0.79837566614151,-0.18921466171741488,-0.3223316967487335,-0.009179720655083656,-0.1391010880470276,-0.24783416092395785,-0.35544511675834656,-0.2973744571208954,-0.1361871212720871,-0.08215753734111786,-0.2410555779933929,-0.3827087581157684,-0.42381688952445984,-0.012090456672012806,-0.039786912500858314,-0.6686972975730896
82,-0.3413073420524597,0.08726870268583298,0.12224260717630385,-0.017290437594056133,-0.08075977116823196,0.15114445984363556,0.4060966670513153,0.3389550149440765,-0.11625581234693527,0.05204356461763382,0.377220630645752,0.07131267338991165,-0.32405900955200195,0.10543984919786452,-0.15740735828876495,0.2489622682332993
83,0.13189251720905304,-0.2914712727069855,-0.24775251746177676,-0.1435144543647766,-0.312202662229538,-0.10429001599550247,-0.4709010422229767,-0.4574338793754578,-0.34932157397270197,-0.06212671473622323,-0.35469454526901245,-0.6894904375076294,-0.2845095694065094,-0.007082291413098574,-0.3811975419521332,0.3324299454689026
84,-0.724987268447876,0.04749174416065216,0.2332995980978012,-0.13989263772964478,0.18376438319683075,0.10819721966981888,-0.3986763060092926,0.05089608207345009,-0.0622960515320301,-0.06595408916473389,0.5594078302383423,-0.44935089349746704,0.3277353048324585,-0.1917545199394226,0.13557840883731842,0.1582755595445633
85,-0.2758508920669556,-0.04370235279202461,0.07776454836130142,0.0029556178487837315,-0.22888273000717166,0.013535729609429836,-0.11394941061735152,-0.16865283250808716,0.01969926618039608,0.1164032518863678,0.025653593242168427,0.4710217118263245,0.07473629713058473,0.2074597030878067,0.17670002579689026,0.4216900765895844
86,-0.9818960428237916,-0.5141164660453796,-0.44964462518692017,-0.5314000844955444,-0.5954526662826538,-0.3602453172206879,-0.2381059974431992,-0.3956376314163208,-0.5981530547142029,-0.10537789016962053,-0.9845417737960817,-0.5244371294975281,-0.5161364674568176,-0.3979163765907288,-0.6495094895362854,-0.4922617077827454
87,0.20181162655353546,-0.10925687849521636,0.0019389833323657515,-0.09494539350271224,0.004497292451560497,-0.11510169506072998,-0.8592910766601562,-0.049337655305862434,-0.16845431923866272,-0.10776640474796297,-0.4553319215774536,0.18801303207874295,-0.3106701076030731,0.027025707066059116,-0.26036667823791504,-0.18324273824691767
88,-0.18511705100536344,0.1072147935628891,-0.0042301532812416545,0.19253942370414734,0.05872807651758194,0.030106490477919582,0.6150068640708923,0.3308616578578949,-0.0004746262566186488,-0.03543289005756378,-0.2692136764526367,0.3308508098125458,0.24430373311042786,0.3536663353443146,0.3828784823417664,0.6560049057006836
89,0.22250057756900787,-0.11898532509803772,-0.03051959909498692,-0.2236630618572235,-0.033347338438034065,-0.030876699835062024,-0.26498982310295105,-0.19100581109523773,-0.09915130585432053,-0.05826436728239059,-0.1850254088640213,-0.10611125826835632,-0.5800260305404663,0.3840191960334778,-0.12851735949516296,0.2744969129562378
90,0.6813721656799316,0.4757641851902008,0.2525486350059509,0.2127930223941803,0.10732332617044447,0.14723359048366547,-0.4879416227340698,0.007296965457499026,0.11217322200536728,-0.016161195933818817,0.5570353269577026,0.13038866221904755,0.08056727051734924,-0.3274581432342529,-0.05341531708836556,-0.06636358052492143
91,0.14356568455696106,0.4188293814659119,0.08925216645002365,0.2671334147453308,0.2656823396682739,0.28475117683410645,0.7309086322784424,0.012421641498804092,0.11581308394670485,0.10551879554986954,-0.013162372633814812,0.7828111052513123,0.1704608052968979,0.13718201220035553,0.26326924562454224,-0.3259860575199127
92,-0.6641507148742676,-0.23307819664478305,-0.03798792138695717,-0.5322123169898987,-0.21627914905548096,0.1336691975593567,-0.5871933698654175,-0.4212790429592133,-0.022122772410511967,-0.06838428974151611,0.14561906456947327,-0.6034599542617798,-0.4110149741172791,-0.4252185225486755,-0.2137470096349716,-0.6315708756446838
93,-0.2883569598197937,0.2085326761007309,-0.0610794723033905,-0.005477506201714277,0.10848230123519896,0.04202153906226158,0.02887915633618832,0.009930528700351715,-0.13648049533367154,0.041397977620363235,-0.3641645312309265,-0.3087339103221893,-0.008258619345724583,-0.3148210942745209,-0.2364474833011627,-0.37749412655830383
94,-0.4507650136947632,-0.11937344819307327,0.05648612231016159,0.1588144749403,-0.11006537079811096,0.05797706171870232,0.7341242432594299,0.21019797027111053,0.14690247178077698,0.10862362384796144,0.022964732721447945,0.1550571769475937,-0.27423831820487976,-0.06388963758945465,0.2979734838008881,0.3358100652694702
95,0.0787973552942276,-0.11908986419439314,0.18777388334274286,0.4118127524852753,0.06263379007577896,0.01807893998920917,0.08238732814788817,-0.2922666668891907,0.2108468860387802,0.08377258479595184,0.4947981238365173,0.3301082253456116,-0.12719392776489258,0.2280282527208328,0.3613821566104889,0.852446973323822
96,0.31333327293396,0.12871919572353366,0.4399057030677795,0.3881113529205322,0.1386568695306778,0.06012902036309242,0.4979846477508545,-0.09962812066078186,0.075447678565979,-0.004522528033703566,0.022046593949198726,0.29588913917541504,0.14616914093494415,0.5075082778930664,0.3553919792175293,-0.10348578542470932
97,0.35950106382369995,0.09411001950502396,0.21511222422122955,0.3928216993808745,0.2643859684467316,-0.04087961465120316,0.6554733514785767,0.19911542534828186,0.27963787317276,0.01416437141597271,0.027640048414468762,0.5077582001686096,0.11986903101205824,0.6939389109611511,0.2659851312637329,0.8371840715408325
98,-0.026471704244613647,0.07204077392816544,0.0982239469885826,0.2795374393463135,-0.03905882686376572,0.10420815646648407,-5.7644909247756004e-05,-0.15173126757144928,0.14112842082977295,0.09496773034334184,-0.09228869527578354,0.048371728509664536,0.08337084949016571,0.25601449608802795,0.25538942217826843,-0.5555012226104736
99,0.003117853309959173,0.1991141736507416,0.40937402844429016,0.3402298390865326,0.29489099979400635,0.2709556818008423,0.007811464834958316,0.26062145829200745,0.14234770834445953,0.031012328341603283,0.2776047885417938,0.6377677917480469,0.4745563864707947,0.12889905273914334,0.04659634828567505,1.2663545608520508
100,-0.2732044756412506,-0.2393958568572998,-0.14231371879577634,-0.14759445190429688,-0.2075914591550827,-0.2270410656929016,-0.8772244453430176,-0.3308778405189514,-0.13612249493598938,0.021095115691423416,-0.1439775973558426,-0.8039183616638184,-0.3719049096107483,0.2588021159172058,-0.017767520621418953,-0.9746626019477844
101,0.0935845747590065,0.7023172974586487,0.4830672442913056,0.2807947099208832,0.4320237934589386,0.33280524611473083,0.6630784273147583,0.6355226635932922,0.2299797087907791,0.12604939937591553,1.3296183347702026,1.021500825881958,0.140669047832489,0.5451514720916748,0.2530559003353119,0.848012387752533
102,-0.3931019604206085,-0.0510718859732151,-0.21117255091667173,-0.06270238757133484,-0.1944214254617691,-0.24163369834423065,-0.7986862659454346,0.07874543964862822,0.00151351117528975,-0.042544469237327576,0.1450776308774948,-0.22138682007789606,-0.4260431826114655,-0.33528152108192444,-0.5202399492263794,-0.2139127403497696
103,0.4456379115581513,-0.007651881314814091,0.008621604181826116,-0.07030544430017471,-0.035623934119939804,-0.01842605322599411,0.2333770841360092,0.19295115768909452,-0.2074313908815384,-0.1266079843044281,-0.10131152719259262,0.04624752327799797,-0.1784588098526001,0.5477351546287537,0.4674956798553467,0.0431167334318161
104,0.05184122174978256,-0.08186593651771545,-0.03650890663266182,0.11207962781190872,0.0108131542801857,-0.0701938271522522,-0.7269940972328186,-0.31909123063087463,-0.028056684881448742,-0.04290734976530075,-0.3158131241798401,-0.5311926007270813,-0.3724837899208069,-0.4885544776916504,-0.4757652878761292,-0.07870092242956161
105,-0.7313818335533142,-0.2989620566368103,-0.524052619934082,-0.6403046250343323,-0.3390779495239258,-0.2287673503160477,-0.13372580707073212,-0.3388611674308777,-0.19915351271629333,-0.013572914525866508,-0.050241883844137185,-0.367988646030426,-0.4558703303337097,-0.2514362037181854,-0.6252755522727966,-0.12697701156139374
106,-0.2370283752679825,-0.3892236053943634,-0.2487360239028931,-0.2953592836856842,-0.14590796828269958,-0.16961878538131714,-0.6773689389228821,-0.3669955730438232,-0.03117555938661098,0.05273688584566116,0.3418222665786743,-0.3919638395309448,-0.40385764837265015,0.04401637613773346,-0.5447765588760376,0.07749452441930771
107,-1.4349188804626465,-0.3356216847896576,-0.29434919357299805,-0.21406562626361847,-0.3315674364566803,-0.26378944516181946,-0.4793102741241455,-0.4948335289955139,-0.1184810996055603,-0.031746622174978256,-0.4337275922298432,-0.635741114616394,-0.645894467830658,-0.4037461578845978,-0.0064183827489614495,-0.6127001047134399
108,0.12032369524240495,0.14985065162181854,-0.0994102656841278,-0.02406902983784676,-0.02165370061993599,0.05758361518383026,0.28431159257888794,-0.09340821951627733,-0.04421534389257431,-0.016648251563310627,0.19828338921070102,0.2448703646659851,-0.023712269961833957,0.4782479703426361,0.4735125601291657,0.5340311527252197
109,-0.17645564675331116,-0.0016340484144166114,-0.009146812371909618,-0.21562521159648892,-0.2930527627468109,-0.09040942788124083,-0.27631837129592896,-0.1990804225206375,-0.35173678398132324,-0.10711406916379927,-0.6519467234611511,0.07257169485092163,0.21304094791412356,-0.010079726576805116,-0.32522398233413696,-0.21997809410095212
110,0.4774857461452484,0.21135075390338895,0.04042182862758637,0.2051313519477844,0.12678566575050354,-0.007916118018329144,0.4155995845794678,0.7104653716087341,0.044936321675777435,-0.018612204119563103,-0.2615746557712555,0.2715635895729065,0.32347702980041504,0.4931913018226624,0.1748766154050827,-0.3527520000934601
111,-0.8177770376205444,0.07215351611375809,0.2848341464996338,0.13536792993545532,0.16440683603286746,0.19590303301811215,-0.22273719310760495,-0.21541215479373926,0.1919763684272766,0.014617889188230038,-0.06418251246213913,0.11534468829631805,0.008955123834311962,0.12617577612400055,-0.11622579395771028,0.0231617521494627
112,1.0836427211761477,0.24503129720687866,-0.04170916974544525,0.12521174550056458,0.2648833990097046,-0.03824619576334953,0.41932252049446106,0.4220265746116638,0.3448319733142853,0.14511419832706451,0.9731069803237916,0.8358414769172668,0.02307463437318802,0.03731103986501694,0.012528919614851476,1.1437767744064329
113,0.3476798236370087,0.2876875698566437,0.11354614049196245,0.4955126643180847,0.12524460256099698,0.0047910306602716455,0.2488473802804947,0.13827157020568848,0.15063181519508362,-0.04583217948675156,0.241975337266922,0.3929078876972199,-0.17008039355278015,0.001893940381705761,0.3845766484737396,-0.6952676773071289
114,0.7301140427589417,0.2955958545207977,0.19779779016971588,0.23661239445209506,0.21457283198833466,0.19477081298828125,0.2273596823215485,0.19774749875068665,0.2803239226341248,-0.04197520762681961,-0.22471515834331512,0.04437737166881561,-0.22947217524051666,-0.18353699147701266,0.12871547043323514,0.15840744972229004
115,-0.31098371744155884,-0.3308200836181641,-0.19484888017177585,-0.38802722096443176,-0.18007217347621918,-0.22590211033821106,0.051912080496549606,-0.6624312996864319,0.025320827960968014,-0.08567719906568527,0.0277052391320467,-0.40046578645706177,-0.37721437215805054,-0.2466490864753723,-0.3526864051818848,-0.1958094835281372
116,-0.5646979808807373,-0.2696419656276703,-0.4365797638893128,-0.11235965043306352,-0.03472630679607392,-0.12555906176567078,0.14599668979644775,-0.30745431780815125,-0.13916561007499695,-0.05634361878037453,-0.6380435228347778,-0.2653680443763733,0.07205932587385178,0.19623993337154388,0.04020073264837265,-0.014526265673339369
117,-0.8927252292633057,0.2386781424283981,-0.09773490577936172,-0.08616577833890915,-0.0030909499619156122,-0.0427318774163723,-0.32650598883628845,0.1545790135860443,-0.1587858647108078,-0.06404370069503784,-0.08113611489534378,-0.09268151968717576,-0.19104531407356265,0.7152150273323059,-0.023157501593232155,-0.4149501919746399
118,-0.7628417015075684,-0.2909960746765137,-0.3561224937438965,-0.130741685628891,-0.14884017407894135,-0.18088720738887787,0.6064056158065796,-0.1684579700231552,-0.21675875782966614,-0.002154467161744833,0.5012669563293457,0.2166653871536255,-0.20875443518161774,-0.4564342498779297,-0.2372167259454727,0.2804139256477356
119,-0.923209309577942,-0.4327238500118256,-0.18816795945167544,-0.3285746276378632,-0.31818249821662903,-0.3625371754169464,-0.8048603534698486,-0.8224474787712097,-0.4910631775856018,-0.17526854574680328,-0.7674177289009094,-0.6992992162704468,-0.4950774610042572,-0.7272607088088989,-0.6396440863609314,-1.416807770729065
120,-0.16265526413917542,-0.03675584867596626,0.19720633327960968,0.3561661243438721,0.19581712782382965,0.057972092181444175,-0.12481066584587094,0.26161786913871765,0.2079748511314392,-0.034574490040540695,0.4846352636814117,0.3023843467235565,0.16432391107082367,-0.06941352784633636,0.046458147466182716,0.6466019749641418
121,0.3438626825809479,-0.090855173766613,-0.1522396355867386,-0.2088090181350708,-0.059210233390331275,-0.1635611057281494,-0.1858086884021759,0.03656198456883431,0.16112321615219116,0.062358871102333076,-0.03464305773377418,0.4484761357307434,-0.1584072858095169,-0.15323206782341006,-0.2750188410282135,1.1297298669815063
122,-0.34081658720970154,0.02698625437915325,-0.11084883660078047,0.08849921822547913,0.22166013717651367,0.0823758915066719,-0.4451700150966644,0.0017014946788549425,-0.039931077510118484,0.046360019594430917,0.5875293612480164,0.3667954206466675,0.11883627623319624,-0.359830766916275,-0.02504194527864456,0.2816255688667297
123,0.2317126840353012,-0.4448932409286499,-0.020841127261519432,0.11890671402215958,-0.09821325540542604,-0.14135481417179108,-0.3179804086685181,-0.2107738554477692,-0.28836530447006226,0.06285485625267029,0.8313153386116028,0.1806187480688095,-0.04261461272835732,0.2592868506908417,-0.08829934149980545,0.5895757079124451
124,-0.2967240810394287,-0.3788008093833923,-0.2987074851989746,-0.3544858992099762,-0.24650976061820984,-0.012971514835953712,-0.19602155685424805,-0.5793784856796265,-0.07242089509963989,-0.12676043808460236,-0.7219825387001038,-0.4624746441841126,-0.2334859520196915,-0.4208212494850159,-0.06342309713363647,-0.8863952755928041
125,1.0911790132522583,0.3787976801395416,0.06302471458911896,0.3181874752044678,0.28497692942619324,0.11103639751672743,-0.2032303661108017,0.7520566582679749,0.006604014895856381,0.02643305249512196,0.4450706541538239,0.5849562287330627,-0.04213618487119675,0.6501607894897461,0.188993975520134,1.2364071607589722
126,1.2776697874069214,0.15684224665164948,0.3797286748886109,0.19685246050357816,0.043244034051895135,-0.07608841359615326,0.0958789438009262,0.22689147293567655,-0.007636622525751591,-0.010766619816422462,0.19284820556640625,-0.05359416455030441,-0.4031144082546234,-0.3348311185836792,0.080597423017025,-0.6140170097351074
127,0.38963231444358826,-0.2277393043041229,-0.4091089963912964,-0.5253284573554993,-0.30765974521636963,-0.082771435379982,-0.26291871070861816,0.27390116453170776,-0.3217891454696655,0.011292142793536186,-0.10958936810493468,-0.26529961824417114,-0.11159910261631012,-0.2568356692790985,-0.25988709926605225,-0.41579800844192505
128,0.2034068703651428,-0.06826980412006378,-0.07328152656555176,0.032626427710056305,-0.16431830823421478,-0.19345992803573608,0.04762232303619385,-0.17063602805137634,0.01087732519954443,-0.1165221780538559,0.4039744436740875,-0.2997656464576721,-0.12461312860250473,-0.10872278362512587,0.10020303726196288,0.2764662504196167
129,0.16003327071666718,0.07810679078102112,0.3246039748191833,0.05725548788905144,0.07720551639795302,0.032203089445829385,-0.19837184250354767,0.07802483439445496,0.23678648471832275,-0.021843831986188892,-0.126236692070961,0.6230536699295044,0.02800792828202248,0.399481862783432,0.10825106501579283,1.121058464050293
130,-0.07041508704423904,-0.1973554939031601,0.13163124024868011,-0.07379427552223206,-0.10468535125255583,-0.016619842499494553,-0.11285611242055893,0.2330558001995087,0.061322487890720374,0.035139042884111404,0.6694276928901672,0.6044377684593201,-0.33020517230033875,-0.29159292578697205,-0.028564391657710075,0.5505380034446716
131,0.11675143241882326,-0.06636571884155272,-0.1399090588092804,0.1065574437379837,-0.058114167302846916,0.10171131789684296,-0.12483397871255875,0.014395036734640597,-0.07143780589103699,0.0637739971280098,0.2536095678806305,-0.3778190910816193,0.04818588867783546,0.2243846207857132,0.4607062637805938,0.5696412324905396
132,0.3615180253982544,0.05019023269414902,-0.30572643876075745,0.1252027302980423,0.20008505880832672,0.1604456901550293,0.2920539379119873,-0.3259632885456085,0.18590694665908813,0.0709165632724762,-0.09932080656290054,-0.4501573443412781,0.4554044306278229,0.4031580090522766,0.5764884352684021,-1.423472285270691
133,-0.6558274030685425,-0.4472643136978149,-0.21432408690452576,-0.2267259210348129,-0.27719637751579285,-0.3271373510360718,0.2459276169538498,-0.4916462898254394,-0.14773422479629514,-0.09541169553995132,-0.7158395051956177,-0.4475028514862061,-0.12769031524658206,-0.13089925050735474,-0.2774169445037842,-0.7316555380821228
134,-0.13449965417385099,0.0672161877155304,0.2518309056758881,0.2610035836696625,0.04725579172372818,0.042906295508146286,0.4345433115959168,0.08363953232765198,-0.06652311235666275,-0.03521467372775078,0.14120905101299286,0.14830195903778076,0.07444235682487488,0.10890927910804747,0.1209845170378685,-0.013586177490651608
135,0.18324820697307587,-0.2665961682796478,-0.17123356461524966,-0.013954106718301771,0.04180784896016121,-0.026044204831123352,0.04778129979968071,-0.2520597279071808,-0.15242819488048553,0.02420172467827797,-0.4374561011791229,-0.5526230931282043,-0.1516915261745453,-0.517414927482605,-0.06499823182821274,-1.0128494501113892
136,-1.1893057823181152,-0.6093776226043701,-0.2172355204820633,-0.4886928200721741,-0.4723772406578064,-0.21469157934188846,-0.39533016085624695,-0.23870448768138885,-0.5080942511558533,-0.07834137976169586,-1.2267297506332395,-0.9304026365280152,-0.3676367700099945,-0.3148573637008667,-0.38473695516586304,-0.929282009601593
137,0.7005258798599243,0.3304953873157501,0.5945674180984497,0.3714853227138519,0.5780360698699951,0.3984563052654265,0.4604628682136536,0.7289525270462036,0.4825958013534546,0.1344602108001709,1.2241724729537964,0.7086845636367798,0.24865908920764926,0.6824591755867004,0.5221256613731384,0.484189510345459
138,0.5570095181465149,0.3147566616535187,0.008218105882406235,0.22145609557628632,0.3227917551994324,0.1331932246685028,1.2910945415496826,0.5793001055717468,0.14628376066684726,0.07439284026622772,0.601820170879364,1.0889781713485718,0.4612277746200562,0.8756996989250183,0.3491928279399872,0.9066893458366394
139,-0.3812409043312073,0.16962930560112,0.1169561967253685,-0.2835201323032379,-0.10821257531642914,0.12350696325302125,-0.11060033738613127,-0.11789928376674652,0.015381942503154278,-0.02576889283955097,0.031125443056225777,0.6029796004295349,0.44550299644470215,0.04114543274044991,0.2368311583995819,0.8542329668998718
140,0.036366522312164314,0.1407664120197296,0.05491277948021889,0.048272252082824714,0.1916632056236267,0.2549645006656647,0.3420274257659912,0.2430109977722168,0.1335926055908203,-0.09735027700662613,0.17688989639282227,0.004753273446112871,0.5450487732887268,-0.0012489594519138336,0.0593043640255928,-0.24746012687683105
141,0.3718853890895844,0.16927923262119293,0.20071901381015775,0.283390074968338,0.19532077014446256,0.27910366654396057,-0.234905406832695,0.4589584171772003,0.36289337277412415,0.05941736325621605,0.3746515810489655,0.39392411708831787,0.12622971832752228,0.1338861733675003,0.24979901313781736,-0.028641846030950543
142,-0.8538724184036255,-0.3612487316131592,-0.3533284664154053,-0.4316226840019226,-0.21263116598129272,-0.3347906172275543,-0.5322996377944946,-0.6210547089576721,-0.35285210609436035,-0.16775546967983246,-0.9718647599220276,-1.6787244081497192,-0.5617907643318176,-0.4666793942451477,-0.29210764169692993,-1.3965927362442017
143,0.04423458129167557,-0.4746147692203522,0.07571558654308319,-0.28212374448776245,-0.4528151452541351,0.04598753899335861,-0.4985443651676178,-0.4310784041881561,-0.1524307131767273,-0.01837979257106781,-0.3876822888851166,-0.07146310061216354,-0.10566765069961548,-0.08001850545406343,0.2481463104486465,-0.16896700859069824
144,1.0771642923355105,0.37496766448020935,0.3726498484611511,0.4501459002494812,0.3691465258598328,0.4483000338077545,0.5881281495094299,0.3691360354423523,0.5004591941833496,-0.0025803360622376204,0.7797679901123047,0.6856651902198792,-0.08009853214025497,0.437522292137146,0.5946220755577087,0.9374114274978638
145,-0.1728302389383316,-0.16614174842834473,0.1016066074371338,-0.09695617854595184,0.1902453899383545,0.16691797971725464,0.0702214390039444,0.05212231725454329,-0.08899427950382233,0.0194290280342102,0.011232168413698672,0.09136710315942764,-0.20126649737358093,-0.07569333910942078,-0.12461037933826448,0.1622711569070816
146,-0.9144355654716492,-0.38774922490119934,-0.5590673089027405,-0.5027586817741394,-0.3503780961036682,-0.2423266768455505,-0.5656361579895021,-0.3488510549068451,-0.2831259071826935,-0.08655978739261627,-0.4059462547302246,-0.5488083362579346,-0.4195102751255035,-0.3427293598651886,-0.7952673435211182,-1.0357375144958496
147,0.6253780722618103,0.10887237638235092,0.4277395009994507,0.32632553577423096,0.2821964621543884,0.07312881201505661,-0.28974345326423645,0.492931067943573,0.20711886882781985,0.08705782145261765,0.2068726271390915,0.016245964914560318,0.4678695201873779,0.5687289237976074,0.2726368308067322,0.6328656673431396
148,-0.2922008037567139,-0.015470026060938837,-0.02714318037033081,0.019860638305544853,-0.040176447480916984,-0.15125438570976255,0.12012435495853425,-0.06289812177419662,0.21777723729610446,0.00910960044711828,0.4911709725856781,-0.060523565858602524,-0.010807277634739876,-0.5528839230537415,-0.1953222155570984,0.6265561580657959
149,0.6581503748893738,0.30011603236198425,0.3018701672554016,0.2745589315891266,0.14047358930110931,0.24664059281349185,-0.1024000272154808,-0.20614077150821689,0.04990088939666748,0.050315305590629585,0.6054602861404419,-0.029044371098279956,0.5480554103851318,0.5839365124702454,0.1819952726364136,0.33561351895332336
150,-0.20176246762275696,0.08682835847139359,-0.04563026502728462,-0.11656063050031662,0.05522328615188599,-0.08113685995340347,-0.7850306630134583,0.06580433249473573,0.08062873780727386,-0.07306495308876038,-0.21372446417808533,-0.3607906401157379,-0.4999120533466339,0.011098268441855907,0.09483423084020616,0.2559909820556641
151,-0.16242742538452148,0.10911992192268373,0.12178155034780502,-0.07059772312641144,0.026468679308891296,0.10780461132526398,0.046363241970539086,0.11695529520511627,0.12444548308849335,0.03783351927995682,0.19500842690467834,0.390134871006012,-0.17512796819210052,0.10959035903215407,-0.05210701748728752,0.3444419205188751
152,-0.07854729145765305,0.05792612954974175,0.1692451685667038,-0.010052007623016834,-0.024564918130636212,-0.039295919239521034,0.3220032751560211,0.11570991575717925,0.0299222394824028,-0.049284577369689934,0.2130444347858429,0.15621928870677948,0.18918904662132266,-0.061642516404390335,-0.3263909220695496,-0.051655668765306466
153,0.014093062840402125,0.3083051443099976,-0.17545470595359802,-0.005464634858071804,-0.014405740424990654,0.13462845981121066,0.2763668894767761,0.5119071006774902,0.06324927508831024,-0.05385730043053627,-0.3635013699531555,-0.08503711968660355,0.16554194688796994,-0.10019716620445253,0.36752229928970337,-0.2697550356388092
154,-0.8851947784423828,-0.10041002929210664,-0.2768643796443939,-0.5018693208694458,-0.17670321464538574,0.07233243435621263,-1.1743083000183103,-0.5279667973518372,-0.04430551826953888,0.002091920468956232,-0.3030543327331543,0.04552668705582619,-0.09278964251279832,0.03168720006942749,0.13399720191955564,-0.04607728868722916
155,-0.4396923184394837,0.19824165105819705,0.1368555873632431,-0.11350137740373613,0.2482767701148987,0.230740949511528,0.3056640625,0.17112895846366882,-0.023539060726761814,-0.07281661033630371,-0.21508920192718506,0.03095447272062302,-0.025336805731058117,-0.247019037604332,0.14001226425170898,-0.5479132533073425
156,-1.1459821462631226,-0.11833732575178145,-0.30190014839172363,0.055070806294679635,-0.1183391809463501,-0.13134923577308655,0.008059202693402767,-0.07660385221242905,0.04374683648347855,-0.02280799299478531,-0.429977297782898,0.08338475972414018,-0.0775378942489624,-0.3212782442569733,-0.20540116727352145,-0.4506024420261383
157,-0.5009013414382935,-0.2654213607311249,0.028917869552969933,-0.23768673837184906,-0.16110332310199738,-0.10578112304210664,-0.6372033357620239,-0.4092381000518799,-0.18394050002098086,-0.01867605559527874,0.013932708650827408,-0.1368301659822464,-0.11999204009771347,-0.04087754711508751,0.271424800157547,0.4719794988632202
158,0.13516217470169067,0.07391682267189026,-0.06566805392503737,0.1639457643032074,0.07794899493455887,-0.07463440299034119,0.07948006689548492,-0.2115611732006073,-0.1966196596622467,0.007659981958568095,0.4535349607467651,-0.5570660829544067,-0.1514216661453247,0.30572497844696045,0.3355174958705902,-1.2731385231018066
159,-0.14816412329673767,-0.051451809704303735,0.0334622897207737,-0.16521632671356198,0.028215495869517326,-0.07535461336374283,-0.5027786493301392,-0.04356035590171814,-0.30919378995895386,-0.12139026075601578,-0.30365076661109924,-0.09100662171840668,-0.07539238035678864,-0.3702520430088043,-0.2237454354763031,-0.00491341482847929
160,0.6247340440750122,0.36402589082717896,0.3290638625621796,0.3943134248256683,0.426142543554306,0.2858448028564453,0.3405149579048157,0.4321735501289368,0.3134496808052063,0.1191432848572731,0.309424489736557,0.33048215508461,0.5395728945732117,0.3301045894622803,0.56128990650177,-0.1552163064479828
161,-0.20368513464927676,0.14088858664035794,-0.04716507717967034,-0.24852001667022705,0.10967738926410676,0.04160257801413536,-0.014224985614418985,0.05213408917188645,0.03125440329313278,-0.05776607245206832,-0.16951309144496918,0.04166857898235321,0.06555796414613724,0.01575502194464207,-0.07922950387001038,0.3962277173995972
162,-0.85079425573349,0.27022603154182434,0.0768187940120697,-0.22364524006843567,-0.006801486015319824,0.191366508603096,0.19029200077056885,-0.24183189868927,0.045280806720256805,0.04316465184092522,-0.19355179369449613,0.27155363559722895,0.03927486762404442,-0.14630812406539914,-0.16764278709888458,-0.15092936158180234
163,-1.0225354433059692,-0.1155104786157608,-0.13098400831222534,-0.23310911655426025,-0.25282207131385803,-0.007864329032599926,-0.2293856143951416,-0.2545437812805176,-0.17051750421524048,-0.05085446313023567,0.4603635966777802,0.0745525062084198,-0.10129822045564653,-0.15227600932121274,-0.14285190403461456,-0.17560091614723206
164,-0.3956747353076935,0.02735898643732071,-0.052807901054620736,0.09224841743707657,0.07195980846881866,-0.04625862464308739,-0.7785165309906006,0.1184665635228157,-0.056524790823459625,0.037837203592062,0.062396436929702766,-0.1547342836856842,0.3492595851421356,0.26277998089790344,0.08781438320875168,-0.011558431200683115
165,-0.0848289206624031,-0.13239020109176636,0.2033049166202545,-0.07031549513339996,-0.19069762527942655,-0.04007164388895035,-0.2423163801431656,-0.11746619641780852,0.06833453476428986,-0.04842957481741905,0.2489897459745407,-0.2735869884490967,-0.3300270140171051,-0.22605860233306885,-0.32444003224372864,0.5835625529289246
166,0.3388205170631409,-0.26098138093948364,-0.20222929120063785,-0.004093934781849384,-0.3032900094985962,-0.13179557025432587,0.7976385951042175,-0.05652092769742013,-0.0680246651172638,-0.07822006940841675,-0.5247781872749329,0.0563436821103096,-0.17687809467315674,-0.28572067618370056,-0.1356390118598938,-0.2563221752643585
167,0.2381148785352707,0.1977972537279129,-0.03705916181206703,-0.013524193316698073,-0.017677422612905502,0.020777573809027672,-0.06284122169017793,0.3154343366622925,-0.08745431900024414,0.035531654953956604,0.2763144075870514,0.008262756280601025,0.2714102268218994,0.28305044770240784,0.28181442618370056,-0.2336267232894897
168,-0.2958860397338867,-0.4050949215888977,-0.2032177746295929,-0.12352574616670607,-0.1699477881193161,-0.16086572408676147,-0.127158522605896,-0.33620047569274897,-0.2695614695549011,-0.026234706863760948,-0.579182505607605,-0.2103902101516724,-0.5022398829460144,-0.03234139829874039,-0.17987483739852905,-0.023237591609358788
169,1.3298534154891968,0.0965026244521141,0.2288970947265625,0.023085992783308033,0.11059188097715378,0.0859362930059433,0.19081421196460724,0.4520110487937927,0.04426360875368118,0.08571049571037292,-0.019416088238358498,0.8894606828689575,0.38883712887763977,0.18457281589508054,0.29274651408195496,1.3500447273254397
170,-0.0012165228836238384,0.20719346404075625,0.1643608808517456,0.05246876552700997,0.22045303881168365,0.18950943648815155,1.0216251611709597,0.3586536943912506,0.2727779150009155,-0.008862609043717384,0.8564293384552002,0.039952822029590614,0.0634700357913971,0.5009087324142456,0.4276370406150818,0.4211900234222412
171,-0.025506597012281414,0.18557818233966827,0.13525891304016113,0.1977304220199585,0.15885090827941895,-0.13153861463069916,0.6750134825706482,-0.2518787980079651,0.1108502522110939,0.037220608443021774,-0.04169847071170807,-0.05265174061059952,-0.38657113909721375,0.312081903219223,0.18989461660385126,-0.44944503903388977
172,0.5273998379707336,0.09725899994373323,0.09376884996891023,0.12178875505924225,-0.005319082178175449,0.1365586668252945,0.08167193084955215,0.0003538790624588728,0.21844710409641266,-0.04042454436421394,-0.43199515342712397,0.0004400155739858746,-0.055786274373531335,0.2337304651737213,0.11586836725473405,-0.18834981322288516
173,0.030790122225880626,0.12322809547185898,0.022553546354174614,0.146143838763237,-0.11992153525352478,0.1262492686510086,0.3109561800956726,-0.003788970410823822,-0.20200619101524356,-0.002072078874334693,-0.020750686526298526,-0.8863894939422607,-0.10048621892929076,-0.0043725511059165,0.06426607072353363,0.3619108200073242
174,-0.5853468775749207,-0.2618057429790497,-0.2050111293792725,-0.062147215008735664,-0.17408055067062378,-0.16630659997463226,-0.9451555609703064,-0.3289715647697449,0.023240262642502785,-0.017448870465159416,0.2856005132198334,0.10415224730968477,0.02745860069990158,-0.5622090101242065,-0.199081689119339,-0.4830934405326843
175,-0.4368576407432556,0.09661654382944107,-0.20462128520011905,-0.1904727667570114,-0.08525776118040085,-0.03325251117348671,-0.474035382270813,-0.3669853210449219,-0.08447511494159697,0.0222626943141222,0.20844927430152893,-0.4435906410217285,-0.3883311748504639,0.3305850923061371,0.1175449565052986,-0.5346241593360901
176,0.075108602643013,0.24198225140571594,-0.08637818694114685,-0.1351797729730606,-0.09209532290697098,-0.033593621104955666,-0.02715286985039711,0.36303454637527466,-0.11904995888471605,-0.06983067095279694,0.09236209839582443,-0.05012848228216171,-0.2645156979560852,0.2898450791835785,0.1613137125968933,0.10764193534851074
177,-0.4464898705482483,0.08818519115447998,0.15094253420829773,-0.04446852207183838,-0.152850940823555,-0.0030327036511152983,0.08310221880674362,0.04576656594872475,0.12797421216964722,0.0205195564776659,0.2562589943408966,0.31806880235672,-0.2610113620758057,-0.41797611117362976,-0.19350162148475647,0.2806277275085449
178,-0.11223412305116652,-0.060436412692070014,-0.3400236368179321,-0.2333948612213135,0.03107484057545662,-0.047895781695842736,0.10749773681163788,-0.5615535974502563,-0.3625439405441284,-0.029353333637118336,-0.4507548213005066,-1.1740610599517822,-0.735889196395874,0.0991627797484398,-0.05926194041967393,-1.1481637954711914
179,0.05506820976734162,-0.17716048657894135,-0.1210297793149948,0.06971430778503418,-0.09023358672857283,0.015373650006949903,-0.8216931223869324,0.13283206522464752,-0.2198951095342636,-0.048490840941667564,-0.631659746170044,-0.3655090034008026,-0.18310102820396426,0.22997407615184784,0.1262938380241394,-0.24334923923015594
180,-0.6254177689552307,0.06946084648370743,-0.2525343894958496,-0.09573870152235033,-0.3512457609176636,-0.3369765877723694,-0.10854969173669816,0.1381559669971466,-0.4929693639278412,-0.10327418893575667,-0.3361160159111023,0.014592123217880726,-0.5711609125137329,0.14409445226192474,-0.4014997780323029,0.15289510786533356
181,0.03811468556523323,-0.2549339830875397,-0.2069662809371948,-0.10416153818368913,-0.1375265270471573,-0.1972486972808838,-0.6350035667419434,-0.4150354564189911,-0.08649882674217224,-0.02019175887107849,0.2368600815534592,-0.37156131863594055,0.003262191545218229,-0.5874126553535461,-0.4645282924175263,-0.7392526268959045
182,-0.0773991048336029,-0.01430456805974245,-0.07748563587665558,-0.1184467226266861,-0.2024335265159607,-0.03466414287686348,0.3935287296772003,0.011344612576067448,-0.026184607297182083,0.016830457374453545,0.32376667857170105,-0.0944821834564209,0.10901731997728348,-0.5259221196174622,-0.5524141788482666,-0.3857135474681854
183,-0.31130632758140564,-0.3697076439857483,0.15523803234100342,-0.2268708050251007,-0.1842555105686188,-0.0524989664554596,0.14959338307380676,-0.3458356261253357,-0.0810130387544632,-0.02943953685462475,0.15569069981575012,0.2768982946872711,0.2704506814479828,-0.0443025603890419,-0.2365182638168335,0.056508097797632224
184,0.3100937902927399,-0.1430731564760208,-0.19281461834907526,-0.32203009724617004,-0.21147799491882324,-0.1570950448513031,-0.4332061111927033,-0.6536219120025635,-0.11617795377969742,-0.1310689002275467,-0.8971525430679321,-0.9847824573516846,-0.21459370851516724,0.07899721711874008,0.0403774343430996,-1.482389211654663
185,0.2337867021560669,0.30746161937713623,0.4000441133975983,0.162461519241333,0.3973497450351715,0.3305792212486267,0.4604563117027282,0.39423632621765137,0.41622841358184814,0.08322261273860931,0.5197058320045471,0.2438834309577942,0.5177862644195557,0.2598864734172821,0.5006745457649231,-0.5305964946746826
186,0.8964096307754517,-0.05793902650475503,0.2348432093858719,0.4535228908061981,0.099137082695961,0.09856809675693512,0.3462877869606018,0.5372293591499329,0.4009272456169128,0.002294199774041772,0.3853119313716888,1.178616285324097,0.21600767970085144,0.16023334860801694,0.06326574832201004,0.32001060247421265
187,0.3784375488758087,0.06951245665550232,0.2847587466239929,0.217654213309288,0.14738506078720093,0.20885081589221954,0.43082812428474426,0.17049117386341095,-0.05158698558807373,0.06378313899040222,0.25362250208854675,0.7234376072883606,0.18544641137123108,0.1166786402463913,0.09526457637548448,0.1129031628370285
188,-0.05928952991962432,0.23714978992938995,-0.24177201092243195,0.12587203085422516,-0.08068668097257614,0.00804995745420456,0.17125605046749115,0.4087406992912293,0.10338751971721648,0.08571738004684447,0.17844197154045105,0.003194067627191544,0.15372976660728455,0.24881163239479065,-0.0407579205930233,0.1715613752603531
189,-0.03751186653971672,0.2793179452419281,0.1200178936123848,0.07777968049049377,0.4838268458843231,0.15376754105091095,-0.010699046775698662,0.21223244071006772,0.1347818672657013,0.07375752180814743,0.7095434069633484,0.2732811570167541,0.373588889837265,0.2653069198131561,0.2291905879974365,0.6373288035392761
190,0.7067121267318726,-0.40016552805900574,-0.2461108565330505,-0.29905182123184204,-0.4275767207145691,-0.23333992063999176,0.1314956694841385,-0.12270752340555192,-0.25518521666526794,-0.05195638537406922,-0.19398903846740725,-0.4153550565242767,-0.3933612704277039,0.2157210111618042,-0.4271461367607117,-0.12961743772029874
191,-0.09572619199752808,0.19335593283176425,-0.0036948004271835093,-0.06252029538154602,0.09443388134241104,0.05696650594472885,0.6211297512054443,0.3276160061359405,-0.11082054674625397,0.012124085798859595,0.06222216412425041,0.8030824661254883,0.16633103787899015,0.1825725883245468,0.12031932175159454,0.4043975174427033
192,-0.08957439661026001,-0.011536979116499424,-0.10906433314085008,-0.3838872015476227,-0.02781751751899719,0.11941956728696825,-0.21359272301197046,0.009661088697612286,0.04370284080505371,0.033490296453237534,0.18014027178287506,0.4282987713813782,0.19156625866889954,0.14375248551368713,0.2792593538761139,-0.4267720282077789
193,-0.21220791339874268,0.0664748102426529,-0.254418283700943,0.19380301237106326,0.1675977110862732,0.09663473814725876,0.04041726514697075,0.5600537657737732,0.025359854102134705,0.16355377435684204,0.5871599912643433,1.6057031154632568,0.190443754196167,-0.1878131926059723,-0.062490563839674,0.19489867985248568
194,0.05146337673068047,-0.09823007881641388,0.027362659573554996,-0.001868526916950941,0.028004640713334084,0.08502963930368422,-0.4915680587291718,0.25541988015174866,0.2412960082292557,0.035728715360164635,0.5020533204078674,0.026135573163628575,-0.08774837851524353,-0.3711684048175812,-0.2725234031677246,0.08908548951148987
195,-0.6757797002792358,0.388087660074234,0.3286502957344055,0.3717112839221953,0.22651784121990204,0.23572124540805814,-0.094804584980011,0.04943939670920372,0.17313718795776367,0.09471987932920456,0.4097016155719757,0.22005870938301086,-0.005539366509765387,-0.19319221377372744,-0.4111450910568237,0.007863366976380348
196,0.4455887973308563,-0.04868819937109947,-0.38937762379646296,-0.11532650142908095,0.0002119311830028892,0.008490817621350287,0.035717107355594635,-0.11486014723777772,-0.2100890874862671,-0.025847945362329483,0.18299515545368195,-0.21670790016651156,-0.3226760625839233,0.4219958782196045,-0.008602419868111609,-0.4020555019378662
197,-0.035202369093894965,0.0019266093149781227,-0.36318239569664,-0.2360915243625641,-0.17278437316417694,-0.10933516919612883,-0.05378938838839531,-0.3007214069366455,-0.35904109477996826,-0.05799419060349464,0.16448940336704254,-0.06373324245214462,-0.15860536694526672,-0.1049387827515602,-0.2898564040660858,-0.4245962500572205
198,-0.17046454548835754,-0.049707870930433266,-0.0829840824007988,-0.30058595538139343,-0.18891391158103946,-0.2833587825298309,-0.22346465289592746,-0.13452565670013428,-0.17697839438915253,-0.020963910967111588,-0.5898551344871521,-0.4134832620620728,0.02530609630048275,-0.6689867377281189,-0.5398779511451721,-0.5749235153198242
199,0.983794093132019,0.6596634387969971,0.12762047350406647,0.15523120760917666,0.03525840863585472,0.14104072749614716,0.19018471240997314,0.7530397176742554,0.09093378484249116,0.052086517214775085,0.43972766399383545,0.9253467321395874,0.5023443102836609,0.2930274903774261,0.5104581117630005,0.16629652678966522
200,0.3767392337322235,0.3712957501411438,-0.049148984253406525,0.2655967473983765,0.40565571188926697,0.2485617846250534,0.9402796030044556,0.39998140931129456,0.14414848387241366,0.1282489001750946,0.7805048823356628,0.05145541578531265,0.3392826616764069,0.3373621702194214,0.30165913701057434,0.34212353825569153
201,0.21031154692173004,-0.24494336545467374,-0.404677540063858,-0.2828406393527985,-0.23061563074588776,-0.15703140199184418,0.3824840784072876,-0.2697297036647797,-0.16555215418338776,-0.15157876908779144,-0.04569608345627785,-0.4879460036754608,-0.42712366580963135,0.4463630318641663,0.24853312969207764,-0.2834063768386841
202,0.3871213495731354,-0.006158594042062759,0.211239829659462,0.2513157427310944,0.04783501476049423,0.041246965527534485,-0.179207906126976,0.17396202683448792,-0.20414558053016665,0.003427436575293541,0.5797951221466064,0.7117793560028076,-0.16209979355335236,-0.09718894213438034,-0.13483791053295135,0.4933988153934479
203,-0.8312935829162598,0.3270654082298279,-0.015905002132058144,0.04280170053243637,0.02492532879114151,0.1270480751991272,0.6435505151748657,-0.17253346741199493,0.12715090811252594,0.049223072826862335,0.09836558252573012,0.3198857009410858,0.5794462561607361,0.5985674858093262,0.5370163321495056,0.6077011823654175
204,-0.8532027006149292,0.3186677694320679,0.012560300529003143,-0.19578681886196134,-0.07547439634799957,-0.0981043130159378,-0.4561675786972046,0.20772036910057068,-0.16479162871837616,0.03016332164406776,-0.4894992113113403,-0.2585954070091248,0.2339170575141907,0.18561193346977234,-0.1450095921754837,-0.27381351590156555
205,-0.5432286262512207,0.0005256209988147019,-0.13847514986991882,-0.1104455590248108,-0.09579458832740784,0.008712451905012129,-0.14254656434059146,-0.08062253147363663,-0.017891205847263336,-0.018780272454023358,0.15762102603912356,-0.2174229621887207,-0.35143300890922546,0.08270823955535889,-0.16309931874275208,-0.13382336497306824
206,-1.0871750116348269,-0.2897946238517761,-0.2708825469017029,-0.3380379676818848,-0.2385419309139252,-0.09035979956388474,-0.018840741366148,-0.0008995486423373222,-0.26590055227279663,-0.08660531044006348,-0.3582876920700073,-0.6108631491661072,-0.1204846054315567,-0.1185145378112793,-0.3445640802383423,-0.45173779129982
207,-0.4875811338424682,-0.14492103457450867,-0.2705460786819458,-0.09526149183511734,-0.17756551504135132,-0.15764687955379486,-0.2692650556564331,0.32501599192619324,-0.25309231877326965,-0.03941378369927406,-0.5509902238845825,-0.3327897787094116,-0.5215448141098022,-0.6629889011383057,-0.4717048406600952,-0.7149399518966675
208,-0.04666504636406898,-0.2998851835727692,0.02634788304567337,-0.2279873788356781,0.032441098242998116,-0.04499032348394394,-0.15539507567882538,-0.17699973285198212,-0.015128204599022862,-0.08150095492601395,-0.7164021134376526,-0.7040026187896729,-0.010118342936038973,0.4543527364730835,0.07056952267885208,-0.5800900459289551
209,-0.6154640913009644,-0.23525036871433255,-0.5243909955024719,-0.4031243324279785,-0.3392126858234405,-0.20124021172523496,-1.0373710393905642,-0.7527816295623779,-0.6366615891456604,-0.03914466872811317,-1.46975576877594,-1.0392833948135376,-0.4473267197608948,-0.07958647608757019,0.10321710258722304,-1.2861686944961548
210,-0.8088170289993286,-0.16331994533538818,-0.011443128809332848,-0.2991972267627716,0.11545420438051225,0.20414546132087708,-0.4386380910873413,0.3448124825954437,0.006212976761162281,0.021667713299393654,0.3207909464836121,0.4737300574779511,0.2847649455070496,0.07745606452226639,-0.3215060830116272,0.19709862768650052
211,0.10753828287124634,0.02509985864162445,0.15567633509635925,-0.0014758198522031307,-0.004637242294847965,0.02521075308322906,-0.03362676128745079,0.02242659032344818,0.005063887685537338,0.026598945260047916,0.4398703873157501,-0.09697603434324263,0.20016908645629886,-0.021225208416581157,0.08367519080638885,0.4702450633049011
212,-0.2900106608867645,-0.19962790608406067,-0.15552029013633728,-0.17108763754367828,-0.009210465475916862,-0.16876521706581116,0.2101493924856186,-0.004291161429136992,-0.2016252428293228,-0.060153819620609277,0.02968931756913662,0.38340866565704346,0.1104683205485344,0.2879253029823303,-0.2621568441390991,0.007478225044906139
213,-0.4044120311737061,-0.09788191318511964,0.1307266354560852,-0.17104913294315338,0.11150534451007844,0.04386315494775772,-0.4740622937679291,-0.1693970263004303,-0.12929347157478333,-0.034918222576379776,0.10592583566904068,-0.09406842291355133,-0.415011078119278,0.14799009263515472,0.14404694736003876,-0.3869162797927856
214,-0.009849781170487404,0.12273924052715303,0.2684767544269562,-0.04779839515686035,0.19514133036136627,0.034341853111982346,0.3766549527645111,0.36318010091781616,-0.13563737273216248,0.02020114287734032,-0.04058421030640602,-0.1962662935256958,0.13040070235729218,-0.2235201597213745,0.2641690969467163,-0.08401495218276978
215,0.574468195438385,0.1815582662820816,0.034318868070840836,-0.15620772540569305,-0.14649415016174314,-0.07353810966014862,0.20737124979496,-0.6414856314659119,0.04375083744525909,-0.048030730336904526,-0.06283432245254518,0.1841387003660202,0.012794656679034231,-0.08561727404594421,-0.0801912173628807,0.010425398126244543
216,0.4629717469215393,-0.1789642870426178,-0.037991862744092934,-0.05087078735232353,-0.2592522501945496,-0.10475339740514757,-0.3883320987224579,0.17774173617362976,0.03897896781563759,-0.036806721240282066,0.06376434117555617,0.016052579507231712,-0.19489091634750366,-0.612926185131073,-0.4813209772109986,0.18937328457832334
217,-0.2445520907640457,-0.09995383024215697,-0.04133506864309311,-0.14276860654354095,-0.011698434129357338,-0.04926028475165367,0.7847966551780701,0.060237426310777664,0.10088101774454117,0.04244386032223702,0.3019687235355377,0.06851615756750107,0.2193032503128052,0.22159036993980408,0.18907226622104645,-0.07108090072870255
218,0.05984362959861755,0.0018463584128767245,0.10348198562860488,0.14108791947364807,0.17873691022396088,0.05622899159789085,0.26438969373703003,0.08734229952096939,-0.09947647899389267,0.042886290699243546,-0.2976894080638885,-0.201839417219162,-0.2324752509593964,0.6701433062553406,0.15250036120414734,-0.16863314807415009
219,0.029979139566421512,-0.5140450596809387,-0.2729541063308716,-0.20580355823040009,-0.13209314644336698,-0.10706887394189836,0.4399124383926392,-0.11729446053504945,-0.06656990200281143,0.022363414987921715,0.2576068341732025,-0.15936903655529022,-0.17464013397693634,0.3539735376834869,0.24542465806007385,0.10478650033473967
220,-0.6158314347267151,0.0968119651079178,-0.16095571219921112,-0.18651100993156436,0.03945660591125488,0.027386933565139767,-0.4560903906822205,-0.1708574742078781,-0.16394007205963135,0.08183610439300537,-0.6698459386825562,-0.4456298351287842,-0.06001308932900429,-0.6261544227600098,-0.6705238819122314,-0.12878665328025818
221,0.3702556788921356,-0.053417809307575226,-0.08886543661355972,0.2060929536819458,-0.3722836971282959,-0.13397769629955292,-0.12467101216316225,0.026258017867803574,-0.07092314958572388,-0.09428267180919647,-0.07932707667350769,-0.12779073417186734,-0.052298270165920265,0.015026277862489225,-0.018940059468150142,-0.06957872211933136
222,-0.3466373085975647,-0.2688892185688019,0.058148965239524834,-0.1798020452260971,-0.11236479878425598,0.03626930713653565,-0.5042776465415955,-0.3132545053958893,-0.11255887150764464,-0.07736153155565262,-0.5033126473426819,-0.44970557093620295,0.01963973231613636,-0.5940082669258118,-0.033145926892757416,-0.3422015011310577
223,-0.16303715109825134,-0.008709331974387169,-0.2230769395828247,-0.14252234995365146,0.022723451256752014,-0.1310623735189438,-0.09696228057146072,-0.2145977318286896,-0.08185430616140366,0.07420168071985245,-0.8405340313911438,-0.3909545242786408,-0.0501372367143631,0.4531711041927338,0.15143290162086487,-0.2617427110671997
224,-0.4775722622871399,-0.0931694358587265,0.09745791554450987,-0.109629824757576,0.1602841466665268,-0.03486883640289306,-0.00047257449477910995,0.0641634538769722,-0.181281179189682,0.13538622856140134,0.053744081407785416,0.18104273080825808,-0.08307846635580063,0.17370691895484924,0.232647642493248,0.03636499121785164
225,0.05805085599422455,-0.21742799878120425,0.10337723791599274,0.12921585142612454,0.16127082705497742,0.13478387892246246,0.3771535754203797,0.1090824007987976,-0.10702285170555116,-0.015952814370393753,0.1058792695403099,-0.5566117167472839,-0.0645873099565506,0.2400218546390533,0.03461223840713501,0.19970282912254333
226,-0.4618220627307892,0.01286387350410223,-0.0821823701262474,-0.1079925373196602,-0.029156068339943886,-0.061279013752937324,0.2450115382671356,-0.5160142183303833,-0.13194981217384338,-0.16059476137161255,0.5417917966842651,-0.13245631754398346,0.03593292087316513,0.06679219007492065,0.2659509778022766,0.03978971764445305
227,0.33774757385253906,0.2527655363082886,0.015253521502017975,-0.02955715917050838,0.06929252296686172,-0.01604514569044113,0.4888197779655457,-0.0020322026684880252,-0.13584700226783752,0.11847732961177825,0.6268323063850403,0.3445175886154175,0.12669655680656433,0.2750965654850006,0.0218255054205656,0.3380994498729706
228,-0.0003090361133217812,0.054472126066684716,-0.11921804398298265,-0.1008264571428299,0.06914965808391571,0.04060037434101105,-0.4048055708408356,0.26769357919692993,0.02031237632036209,0.06360815465450287,0.5029593706130981,0.6607129573822021,0.09235498309135436,-0.1113421618938446,0.04152768477797508,0.3113562762737274
229,-0.17515137791633606,-0.2398234307765961,-0.24462199211120605,-0.553989052772522,-0.2626191973686218,0.016357822343707085,-0.4078725278377533,-0.4436419904232025,-0.1557323932647705,-0.15632295608520508,-0.12376060336828232,-0.8958785533905029,-0.386541873216629,-0.29911091923713684,-0.7146704196929932,-0.7178949117660522
230,-0.5186450481414795,0.18444077670574188,0.2848801910877228,0.10613907128572464,0.04696457460522652,0.08960215002298355,-0.046176671981811516,0.19458621740341187,0.03555099666118622,-0.0037629888392984867,-0.4489018023014069,0.008043847978115082,-0.07748334854841232,-0.1967131793498993,0.2574879825115204,0.6131733059883118
231,-0.1565619707107544,0.0411367192864418,-0.0014214953407645226,-0.16504421830177307,0.04344179853796959,-0.07687975466251372,0.4406444430351257,-0.3719995617866516,-0.3971055150032044,-0.03736594691872597,0.05060640722513199,-0.0985518917441368,-0.5681803822517395,-0.11231300234794617,0.25490158796310425,0.006787794176489115
232,0.1274758130311966,0.06911870837211609,-0.07733669131994247,-0.09307726472616196,0.007438652217388153,-0.14449302852153778,-0.4485950469970703,0.166462242603302,0.012598932720720768,0.061149079352617264,0.44387343525886536,0.3972506821155548,-0.09269284456968307,0.2504499852657318,0.1064976528286934,0.06309681385755539
233,0.05760756880044938,-0.596182644367218,-0.3464391529560089,-0.4021787345409393,-0.21609286963939667,-0.3481794893741608,-0.8775193691253662,-0.3301155567169189,-0.36877018213272095,-0.06644326448440553,-0.427200585603714,-0.06280453503131866,-0.5188784599304199,-0.18098661303520205,-0.3011963963508606,0.03337351605296135
234,0.9559952616691588,0.5462583899497986,0.4122614562511444,0.27565911412239075,0.22630338370800016,0.1764470934867859,-0.08224588632583618,0.5334608554840088,0.4941786229610443,0.10562101006507874,0.6840261816978455,0.5809392929077148,0.3146411776542664,0.07352099567651749,0.34703537821769714,0.2818679213523865
235,-0.2895937263965607,-0.4065348207950592,-0.0681852251291275,-0.14459383487701416,-0.20423424243927,-0.03640436753630638,-0.5041618347167969,0.2477529942989349,0.1356048732995987,0.014695512130856512,-0.605291485786438,0.21711356937885284,-0.10768494755029677,0.23388727009296414,-0.045223884284496314,0.4613032937049866
236,0.7899162173271179,0.18361042439937592,0.21226121485233307,0.28992465138435364,0.2640449702739716,0.05112205818295479,0.1303156465291977,0.1256456971168518,0.08647233992815018,0.07307260483503343,1.0483986139297483,0.2376265823841095,0.3554729223251343,-0.17996034026145935,0.2904223799705505,0.7922536730766296
237,0.2675386369228363,-0.017432590946555138,0.13630101084709167,-0.09482172131538393,-0.006858920678496361,-0.024335483089089397,-0.015787869691848755,-0.06700952351093292,-0.013070250861346722,-0.06290053576231003,-0.07615156471729279,-0.14764191210269928,0.4391525387763977,-0.15786226093769073,0.027379553765058517,-0.921601414680481
238,0.21206092834472656,-0.4803329706192017,-0.2705827057361603,-0.19036908447742465,-0.3008061945438385,-0.07150989770889282,-0.4017435312271118,-0.1012645736336708,-0.3483348488807678,-0.22391797602176666,-0.7481233477592468,-0.9978210926055908,-0.2292425036430359,-0.07415375858545302,-0.2599920630455017,-0.32159850001335144
239,0.6999248862266539,0.07841815054416656,0.32918623089790344,0.2708605527877808,0.08522359281778336,0.20693577826023105,0.7236084938049316,0.2311785519123077,0.17130324244499207,0.004919687751680613,1.093348741531372,0.035822570323944085,0.24078865349292755,0.7123586535453796,0.6474530696868896,0.31345540285110474
240,-0.5609336495399475,-0.10147451609373093,-0.2690612375736237,-0.3226894736289978,-0.21680840849876404,-0.2254724353551865,-5.210842937231064e-05,-0.09108129143714903,0.05670354142785072,-0.07375412434339522,0.10210854560136796,-0.14909476041793826,-0.4621929526329041,-0.12860563397407532,-0.20406749844551086,-0.262996643781662
241,0.3079588711261749,0.4952620267868042,0.5328863859176636,0.32745110988616943,0.24978625774383545,0.15290723741054535,0.37560778856277466,0.2189314216375351,0.3061169385910034,0.07058613747358322,0.4529315233230591,0.8874577879905701,0.06839124113321304,-0.22756564617156985,0.3295707702636719,0.2656973898410797
242,-0.03612973913550377,0.15119817852973938,0.03464636951684952,0.09615588188171388,0.2206447571516037,0.14062313735485074,0.7937558889389038,0.3105650842189789,0.048999033868312836,0.10364281386137007,0.3007177710533142,0.928640067577362,0.2294319272041321,0.2621438503265381,0.4332968592643738,0.3401998281478882
243,0.3095150589942932,0.15667177736759186,0.4310132563114166,0.4567333161830902,0.3488313853740692,0.3087155520915985,-0.2290998697280884,0.16605757176876068,0.2709444165229797,0.14434951543807986,0.26347920298576355,0.5963672995567322,0.20740605890750885,0.7915719747543335,0.561557948589325,0.4301028847694397
244,0.3270391523838043,-0.05052970722317696,0.3391983807086945,0.12964768707752228,0.10750939697027206,0.13705220818519592,0.4004359245300293,0.004227511584758759,0.16371625661849976,0.014463665895164013,0.4271997213363648,0.016104724258184433,0.19869410991668698,0.189200222492218,0.3023073673248291,-0.4815347492694855
245,0.058485209941864014,0.022209778428077698,0.15914446115493774,0.24386315047740936,0.027803117409348488,0.1182163581252098,0.4166942536830902,0.5269839763641357,0.1039612889289856,0.02802574820816517,0.8072893619537354,0.416705459356308,0.6927944421768188,0.21612006425857544,0.15466563403606415,1.1701109409332275
246,-0.8305522203445435,0.08087330311536789,0.19813080132007602,-0.023303227499127388,0.10572350025177002,0.06395930796861649,0.37383413314819336,0.4392127394676209,0.0383288748562336,0.1144704595208168,0.19214856624603271,0.2697882652282715,0.30168142914772034,-0.21887318789958954,-0.30649837851524353,0.8101990818977356
247,-0.4161882698535919,0.014453763142228128,-0.07795391231775284,-0.14936915040016174,0.005724354647099972,0.05212489888072014,0.3429338335990906,-0.3545732200145721,-0.1396302431821823,-0.04127376899123192,0.3790458738803864,-0.27926310896873474,-0.12374072521924973,-0.11739365011453627,-0.03374717012047768,-0.3894492983818054
248,0.9736677408218384,-0.049567047506570816,-0.19811367988586426,0.009117934852838516,0.2437930852174759,0.0529102198779583,0.16491514444351196,-0.1679961085319519,-0.15293419361114502,-0.12138792872428895,-0.9756561517715454,-0.6261908411979675,0.13122494518756864,-0.1520201414823532,-0.06172144412994385,-1.3782862424850464
249,0.9043433666229248,-0.06560929864645004,0.3483331203460693,0.5038539171218872,0.2921692430973053,0.23434390127658844,0.6702176332473755,0.2554936707019806,0.6322426795959473,0.09038594365119934,0.5710588097572327,0.015677165240049362,0.4792631268501282,0.5125082731246948,0.3405818045139313,0.12663014233112335
250,0.4603054821491242,-0.11317924410104753,-0.2439728826284409,-0.03691305965185165,0.01310777198523283,-0.10456506907939912,0.028409795835614208,-0.1767166703939438,-0.18280288577079773,-0.10424580425024033,0.36029383540153503,-0.3964839279651642,-0.05627810955047608,-0.30345338582992554,-0.09684020280838013,-0.14703302085399628
251,-0.17108508944511416,0.0010319792199879883,0.29287704825401306,0.04331398755311966,0.20586024224758148,0.26545679569244385,0.9599601030349731,-0.08381125330924988,0.29500919580459595,0.06869792938232422,0.05901782214641571,0.08032628893852234,0.06848745793104173,0.8729731440544128,0.095110684633255,0.2124088704586029
252,0.0885373204946518,-0.19065427780151367,0.05267211794853209,-0.09592367708683014,-0.010639176703989506,-0.08838380873203278,0.1950681209564209,-0.06240136548876761,-0.032649189233779914,0.06799876689910889,0.055720925331115716,1.1822277307510376,0.4488350450992584,-0.09711484611034392,-0.0314519889652729,0.8241530060768127
253,-0.2664826810359955,-0.2324822098016739,-0.010758955962955952,-0.19985735416412356,-0.21592797338962555,-0.0919039398431778,-0.09493021667003633,0.2152661830186844,-0.193220928311348,-0.011572548188269138,-0.3635863363742829,-0.36998677253723145,-0.32530608773231506,0.3286187946796417,0.17368096113204956,-0.2742142379283905
254,-0.01978142932057381,-0.11778508871793747,-0.11681710183620453,-0.22311966121196747,-0.1148027777671814,-0.17345552146434784,-0.05605704337358475,-0.36600226163864136,-0.01145810354501009,-0.06512433290481567,-0.3479369580745697,-0.5810451507568359,0.48642113804817205,-0.3295908570289612,-0.8659031987190247,0.09955526143312454
255,-0.2590804696083069,0.3058463037014008,0.318208783864975,0.05516504496335983,0.26427784562110895,0.051335886120796204,0.0115559883415699,0.3233645260334015,-0.04198912531137466,-0.0366741307079792,0.295365571975708,-0.806835412979126,-0.17112955451011658,-0.10152617841959,0.25684478878974915,-0.3319827616214752
256,0.9879034161567688,0.1680310070514679,-0.12256203591823578,0.03459194675087929,-0.05950593948364258,0.1425769031047821,0.7666217088699341,0.028437677770853043,0.08557119965553284,0.04687943309545517,0.13603337109088898,-0.32052168250083923,0.1937236487865448,0.18439877033233645,0.15006081759929654,-0.27303531765937805
257,-0.5414801239967346,-0.3812800943851471,-0.31932082772254944,-0.4207910597324371,-0.1821519285440445,-0.20394335687160486,-0.4322291612625122,-0.7026972770690918,-0.15703579783439636,-0.10340536385774612,0.0157693549990654,-0.16674385964870453,-0.26340484619140625,-0.03356804326176644,-0.3089901804924011,0.16175512969493866
258,-0.3545818328857422,0.12891913950443268,-0.2265643030405045,-0.04464429989457129,-0.1490703821182251,0.1584562063217163,-0.04486806318163872,0.032586924731731415,0.047155126929283135,0.012307366356253624,0.13711754977703094,0.10852618515491486,-0.04741866886615753,0.10666501522064208,0.18680240213871,-0.3748375773429871
259,-0.16709227859973907,-0.03894709050655365,0.1388038992881775,0.3827987313270569,0.13377177715301514,0.07227393239736557,0.1825358420610428,0.3267587721347809,0.039005473256111145,0.001956740859895945,0.3854436874389648,0.7814890742301941,0.27813056111335754,0.5337008237838745,0.3656257092952728,0.01185192819684744
260,-0.6061028838157654,0.04230371117591858,-0.005946792662143707,0.15244460105895996,-0.11514074355363844,-0.1792231798171997,-0.1374562382698059,-0.1188679188489914,-0.16878464818000793,-0.20899593830108645,-0.7835039496421814,-0.6591815352439879,-0.1614818423986435,-0.17902451753616333,-0.27451714873313904,-0.7718131542205809
261,0.3273058831691742,0.2149675190448761,0.3101561665534973,0.5507664680480957,0.14355430006980896,0.2283215075731277,-0.3117240071296692,-0.03939218819141388,0.10390253365039824,0.02681086771190166,0.04618173465132713,-0.2338855713605881,0.4739301502704621,0.26785147190093994,0.08178943395614624,0.4168980121612549
262,-0.2898285388946533,-0.030275588855147362,0.007254846394062042,0.11414340883493425,0.1094340980052948,0.17812706530094147,0.31510335206985474,0.09421028196811676,-0.030009828507900238,0.10902991890907288,-0.1906927078962326,0.2469307631254196,-0.08540605753660202,0.2815868258476257,0.10371743142604828,-0.0025082204956561327
263,-0.6655300259590149,0.03379802033305168,-0.2907287180423737,-0.07385063916444777,-0.0975056141614914,0.004134989343583585,-0.3789863586425781,-0.30796217918396,0.042998794466257095,0.02071448415517807,-0.504178524017334,-0.06416502594947815,-0.030384698882699013,0.4642975032329559,0.05953194946050644,0.0038925393018871546
264,0.6361276507377625,-0.12337746471166612,0.18236464262008667,0.33878904581069946,-0.027749771252274517,0.016997365280985832,0.6513372659683228,-0.061103131622076035,0.14297598600387573,-0.05904772505164145,0.11852705478668213,0.09958035498857498,-0.2388102859258652,-0.28258535265922546,0.2578287124633789,0.20812012255191806
265,-0.2060219645500183,0.0393139198422432,0.183003768324852,0.07085953652858734,0.0025239288806915283,0.047008216381073,-0.2516661882400513,0.13569261133670807,0.14676983654499054,0.09402330219745636,0.15014001727104187,-0.3928192853927612,0.15072281658649445,-0.07335233688354492,0.34892016649246216,0.4590118825435638
266,0.4293756186962128,-0.11929548531770705,-0.195651113986969,0.0809749960899353,-0.07587336748838425,-0.010674174875020979,-0.27462828159332275,-0.8159680366516113,0.07640759646892548,0.02536935545504093,-0.3263343572616577,-0.3906976282596588,0.0015027052722871306,0.32161086797714233,0.038682620972394936,-0.1329483836889267
267,-0.3792248070240021,-0.1464148461818695,-0.10250250995159148,-0.0810801237821579,-0.10543867945671083,0.09887946397066116,-0.059585615992546075,0.44079649448394775,0.1447053998708725,0.03183718025684357,0.07401300966739655,0.17206142842769626,0.3072727918624878,0.23304107785224915,0.04643107205629349,0.13429130613803866
268,-0.008527476340532303,-0.5155172348022461,0.338683545589447,-0.08663561195135118,-0.05403053760528565,0.07754268497228622,0.04546436667442322,-0.2934717535972595,-0.23417983949184415,0.1310376226902008,-0.12041685730218887,0.1949869692325592,0.16436603665351868,-0.3499242067337036,-0.2798437476158142,0.499776840209961
269,0.26876041293144226,0.04162774607539177,0.23645299673080444,0.2429627925157547,0.17093002796173096,0.15215609967708588,-0.011970912106335165,0.02028227597475052,0.1493556946516037,0.004822256974875927,-0.039992541074752815,-0.2051563560962677,0.12506920099258426,0.012420684099197388,0.11908261477947235,-0.2808482348918915
270,0.5713599324226379,0.2620433270931244,0.5068525671958923,0.2887903451919556,0.4007194638252258,0.29498791694641113,0.5677878856658936,0.0074658896774053565,0.39092817902565,0.18105511367321012,1.1188887357711792,0.4536590278148651,0.406796395778656,0.8237023353576659,0.6665487289428711,0.27632030844688416
271,0.4712412357330322,0.29316189885139465,0.3748476803302765,-0.07691635936498642,-0.04223477840423584,0.30988699197769165,0.2902013659477234,0.0034268330782651897,0.1804906278848648,0.03302042186260224,-0.2399675995111465,0.0195306483656168,0.4003807902336121,-0.3504164218902588,0.12190093100070952,-0.21348300576210025
272,0.01207801513373852,-0.02785084024071693,-0.01489907503128052,-0.11905092746019365,-0.07712353765964508,0.05629691109061241,-0.1318170577287674,-0.0590713769197464,0.05895193666219711,-0.11133185029029846,0.20917831361293796,-0.006242335774004459,-0.495604932308197,0.1896810531616211,-0.19834196567535398,0.6550880670547485
273,-0.5207644701004028,0.16192041337490082,-0.1770656555891037,-0.04511330276727677,0.09775548428297044,0.12954264879226685,0.4825994968414306,-0.09503640979528427,-0.07854630053043365,0.16779661178588867,0.3633375763893128,0.908945858478546,0.04418427497148514,0.0693148598074913,0.04283014684915543,0.4563918113708496
274,0.11322230845689775,0.052989017218351364,0.4786172807216644,0.4361724555492401,0.06384733319282533,0.17116057872772214,0.4126201868057251,0.15428584814071655,0.058817148208618164,0.11373301595449448,0.7816076874732971,0.3876180648803711,0.6332367062568665,-0.019720114767551426,0.4216580986976624,0.3798966407775879
275,-0.3682061731815338,-0.5081918239593506,-0.06039316207170488,-0.2169543206691742,-0.2981700599193573,-0.11068425327539444,-0.023097343742847443,-0.1904463917016983,-0.1410667896270752,-0.1377776563167572,0.289880245923996,-0.1805225908756256,-0.30948305130004883,-0.4295821785926819,-0.21443749964237213,-0.7147325277328491
276,0.09141651540994644,0.05581793189048767,-0.042147617787122726,-0.13542284071445465,-0.16588295996189115,-0.10908367484807968,0.10189613699913024,-0.2086433321237564,-0.12151246517896652,-0.0649089515209198,0.3454062938690185,0.3863802850246429,0.06232509016990661,0.1846913695335388,0.16028141975402832,0.2258356511592865
277,0.3926258683204651,0.03499216213822365,-0.006770125590264797,-0.0004756753914989531,-0.22337260842323306,0.0028872769325971603,0.13091330230236053,-0.20373667776584625,-0.004001125693321228,-0.07602959871292114,-0.18413135409355166,0.4054628610610962,-0.11306645721197127,0.5029900670051575,0.2856494188308716,0.21040210127830505
278,-0.678168535232544,-0.11807172000408173,-0.06939925253391266,-0.12493100762367247,0.06173519417643548,-0.17130394279956818,0.2261980175971985,-0.19869165122509005,-0.23419715464115146,0.02841170877218246,0.4609844088554382,-0.30170103907585144,0.06224081665277481,0.5399284362792969,0.2277214229106903,-0.3664080798625946
279,0.1936611831188202,0.08612146228551865,0.2680655419826508,0.5166006684303284,0.04407576844096184,0.00889002438634634,0.08667948096990585,0.09440729767084123,0.0990070253610611,0.005892094224691391,0.5071847438812256,0.11348935961723328,0.327264666557312,0.1402021050453186,0.1310848742723465,-0.2411777526140213
280,0.32493844628334045,-0.176186665892601,-0.2731051743030548,-0.15329447388648987,0.09671925753355026,-0.029995260760188106,-0.008067283779382706,0.32637760043144226,-0.0275417473167181,0.1355624943971634,0.052644621580839164,-0.5652572512626648,0.06395691633224487,0.5410745143890381,0.12294375896453855,0.38128817081451416
281,0.028478289023041725,-0.04370235651731491,0.17525172233581546,-0.014271879568696022,0.03261113911867142,0.0010076762409880755,-0.13773518800735474,0.003761501982808113,0.3021652400493622,0.059856198728084564,0.3334064781665802,0.3390410542488098,-0.143556147813797,-0.0041829170659184465,0.015429287217557432,-0.08844945579767227
282,0.20399492979049685,-0.022741701453924183,-0.016454610973596573,0.2077412456274033,-0.00427167396992445,0.02514783851802349,-0.22705122828483584,0.08586069196462631,0.12354575097560885,-0.027254194021224976,-0.13511517643928528,0.12050574272871015,-0.4395877122879028,0.11710073053836825,0.2694815099239349,0.15328679978847504
283,-0.4903798699378967,0.08982677012681961,-0.11242269724607468,-0.12730751931667328,0.004210873506963253,-0.10266000032424928,-0.459977924823761,0.15776333212852478,-0.13944584131240845,-0.08648353070020676,-0.4113299548625946,0.05028107017278671,-0.2426666915416717,-0.8221926689147949,-0.3131000101566315,-0.4828339517116546
284,0.3624811172485352,-0.07990887016057968,-0.2511134743690491,-0.08044881373643875,-0.16149689257144928,0.01834709383547306,-0.28097543120384216,0.08901304006576538,-0.07193158566951753,-0.08488871902227403,-0.748647153377533,-0.9479269981384276,0.025346923619508743,0.0896148532629013,0.1690242737531662,-1.3051031827926636
285,-0.20209702849388125,0.2166433483362198,0.1567285656929016,0.0768611952662468,-0.02304321900010109,-0.0652787983417511,0.23638489842414856,0.3871315121650696,-0.115989550948143,0.007368592079728842,0.1392906904220581,0.6068565249443054,-0.07795760035514833,0.1334943026304245,0.29467636346817017,0.4424279034137726
286,-0.12853187322616574,0.3043355345726013,0.20188075304031367,0.1725628674030304,-0.01882695034146309,0.02254421636462212,0.255677729845047,-0.4056926965713501,0.002426705323159695,0.0063843559473752975,0.061421088874340064,-0.14390213787555695,0.2502179741859436,-0.4875020086765289,-0.2824728786945343,0.4460922479629517
287,-0.7241291999816895,0.011638130061328413,0.059926800429821014,-0.0501398965716362,0.059053469449281686,0.007165564689785242,-0.8140700459480286,0.15519702434539795,0.11782068014144895,0.06862647831439972,0.1821328848600388,0.27247002720832825,0.13496002554893494,-0.01820874586701393,0.07432809472084045,0.31129467487335205
288,0.9941656589508056,-0.20876845717430115,0.3129205703735352,0.17542579770088196,0.1902197003364563,0.09433946013450624,0.3332138359546661,-0.09361845254898073,0.12223394960165025,0.08271365612745285,-0.029252696782350537,0.017636675387620926,-0.3333335518836975,-0.11476477980613707,0.22786808013916016,0.10231316834688188
289,0.3328263163566589,0.07299543172121048,0.16818462312221527,0.0376385860145092,0.16201645135879514,0.1371113806962967,-0.3015938699245453,0.2095814347267151,0.2592695355415344,-0.05497077107429504,0.025168735533952716,0.3485040664672852,0.03535658866167068,-0.08418622612953186,-0.031361013650894165,0.5987157821655273
290,-0.958612024784088,-0.19817085564136505,-0.3682243227958679,-0.3583545684814453,-0.3532578647136688,-0.1905437558889389,-0.3680848181247711,-0.1776670515537262,-0.3111744225025177,-0.10844851285219193,0.16922412812709808,-0.6352361440658569,-0.0924973264336586,-0.4472280144691467,-0.4389369785785675,-0.3253013491630554
291,-0.4763265550136566,-0.2590647041797638,-0.3402204215526581,-0.23036737740039825,-0.1366511881351471,0.016760511323809624,0.1261082887649536,-0.2068311721086502,0.11923696845769882,-0.01625920832157135,0.13701345026493073,-0.15634384751319885,0.0033156222198158503,-0.35703667998313904,-0.18696667253971103,-0.3740732669830322
292,-0.06380751729011536,-0.1150328516960144,0.026076633483171463,0.27522942423820496,0.055307243019342416,0.14940719306468964,0.4514484405517578,0.15357209742069244,0.07014408707618712,-0.018571803346276283,-0.029249282553792003,0.009108141995966434,0.015411688014864922,0.5094503164291382,-0.04466988891363144,0.1533350944519043
293,0.3731776773929596,-0.04705435037612915,0.14378026127815247,-0.008922731503844261,-0.09680058062076567,-0.10122372210025787,-0.2854264080524445,-0.27736273407936096,-0.03084575571119785,-0.16458570957183838,0.01122164074331522,0.5717682838439941,-0.14151304960250854,0.018371611833572388,-0.3737047612667084,-0.29923248291015625
294,0.4550795257091522,-0.17085973918437958,-0.2644507586956024,-0.1630411148071289,-0.1132706180214882,0.07470937073230742,0.17930349707603455,0.05608098208904266,-0.08858130872249602,0.02045887522399425,-0.5361145734786987,-0.2491932660341263,-0.12420989573001863,-0.4621585011482239,-0.1707833707332611,0.4183034300804138
295,-0.3179300427436829,-0.02859613485634327,0.03737034648656845,0.031873121857643134,-0.2661539912223816,-0.07933028787374496,-0.9226142168045044,0.2749379873275757,-0.06991401314735413,0.01349078305065632,0.30012771487236023,-0.1508142352104187,-0.011279204860329628,0.04539646953344345,-0.09974173456430437,-0.6997420191764832
296,0.4692603647708893,0.09433300048112868,0.039366565644741065,0.1925155073404312,0.13440807163715365,0.1785721778869629,0.3169630765914917,-0.043648362159729004,0.2962749898433685,0.08544404059648514,0.3576356768608093,0.8162082433700562,0.26395878195762634,0.4820108413696289,0.4267511665821075,0.7430413961410522
297,-0.5058582425117493,-0.22222784161567688,0.016809361055493355,0.04904776066541672,-0.2028379738330841,-0.19390341639518735,0.03852682188153267,-0.20999450981616974,-0.31178033351898193,0.01401938870549202,-0.5914518237113953,0.5364601016044617,-0.16819259524345398,0.012721959501504898,-0.017642594873905182,0.4191409945487976
298,-0.5822622179985046,-0.10405345261096954,-0.1919949501752853,-0.23244954645633695,-0.36217159032821655,0.07949269562959671,-0.3522871434688568,-0.05738311260938645,-0.04768417775630951,0.0427393801510334,0.182414710521698,-0.02678016573190689,-0.07433193176984787,-0.0832572653889656,-0.22813619673252106,-0.04305947944521904
299,-1.4433668851852417,-0.2874607741832733,0.03718996047973633,0.10195091366767883,0.03452061489224434,-0.11994856595993042,0.3967161178588867,-0.10371088981628418,0.0651487410068512,-0.035824421793222434,-0.9687460064888,-0.5302435755729675,0.023550163954496384,-0.11134780943393707,-0.2058180570602417,-0.06361430883407593
